task_id	phase	phase_title	status	blocker	task	evidence	notes
P00-001	0	Repository and roadmap closure control	completed	none	Verify repository identity, branch, origin, and current uncommitted changes.	config/github-repository-policy.json;docs/local-batch-task-ledger.md	Verified the haven-42 root, batch/local-roadmap-closure branch, authoritative origin, HEAD 3cab2d0, and preserved pending ledger edits on 2026-08-04.
P00-002	0	Repository and roadmap closure control	completed	none	Preserve all current Phase 1 work.	git:3cab2d0;config/local-batch-task-ledger.tsv	The existing Phase 1 foundation commit remains intact and the reconciliation edits are additive.
P00-003	0	Repository and roadmap closure control	completed	none	Review every roadmap milestone, including earlier conditional milestones.	ROADMAP.md;TODO.md;config/roadmap-closure-ledger.json	Reviewed every Milestone 1 through 28 section and all 48 unchecked parent items, including conditional evidence entries.
P00-004	0	Repository and roadmap closure control	completed	none	Map every unfinished item to:locally completable; locally implementable but inactive; external-machine dependent; external-service dependent; upstream blocked; owner deferred; signing/release prohibited.	config/roadmap-closure-ledger.json;docs/roadmap-closure-ledger.md	All 48 open parent items have one exact classification and the original seven-category vocabulary is mapped explicitly.
P00-005	0	Repository and roadmap closure control	completed	none	Create a machine-readable roadmap blocker ledger.	config/roadmap-closure-ledger.json	The machine-readable parent-roadmap blocker ledger covers all open TODO parent items.
P00-006	0	Repository and roadmap closure control	completed	none	Add tests preventing completed, blocked, and deferred states from drifting.	scripts/test-roadmap-closure-ledger.py;scripts/test-local-batch-task-ledger.py	Both ledgers fail on omissions, duplicate classification, invalid state, unstable IDs, missing completion evidence, or denied-authority drift.
P00-007	0	Repository and roadmap closure control	completed	none	Correct stale or contradictory roadmap, TODO, project, and evidence statements.	ROADMAP.md;TODO.md;PROJECT.md;docs/roadmap-closure-ledger.md	Corrected the stale implication that parent-roadmap coverage proved completion of the recovered 374-task plan.
P00-008	0	Repository and roadmap closure control	completed	none	Ensure no conditional item is falsely marked complete.	config/roadmap-closure-ledger.json;scripts/test-roadmap-closure-ledger.py	Conditional-on-new-evidence items remain open and exactly classified rather than falsely complete.
P00-009	0	Repository and roadmap closure control	completed	none	Define explicit exit criteria for this complete local batch.	docs/local-batch-task-ledger.md	Defined seven measurable exit conditions including zero unverified tasks, exact evidence, documentation parity, final security gate, privacy review, and no unapproved push.
P01-001	1	Image-runtime licensing and supply chain	completed	none	Finish the fail-closed runtime audit security review.	scripts/audit-local-image-runtime.py;scripts/test-audit-local-image-runtime.py;config/local-image-runtime-license-contract.json	The fail-closed auditor and focused hostile suite now enforce this boundary without runtime, network, installation, or promotion authority.
P01-002	1	Image-runtime licensing and supply chain	completed	none	Expand hostile tests for malformed contracts and metadata.	scripts/audit-local-image-runtime.py;scripts/test-audit-local-image-runtime.py;config/local-image-runtime-license-contract.json	The fail-closed auditor and focused hostile suite now enforce this boundary without runtime, network, installation, or promotion authority.
P01-003	1	Image-runtime licensing and supply chain	completed	none	Test oversized metadata and license files.	scripts/audit-local-image-runtime.py;scripts/test-audit-local-image-runtime.py;config/local-image-runtime-license-contract.json	The fail-closed auditor and focused hostile suite now enforce this boundary without runtime, network, installation, or promotion authority.
P01-004	1	Image-runtime licensing and supply chain	completed	none	Test maximum traversal depth and file counts.	scripts/audit-local-image-runtime.py;scripts/test-audit-local-image-runtime.py;config/local-image-runtime-license-contract.json	The fail-closed auditor and focused hostile suite now enforce this boundary without runtime, network, installation, or promotion authority.
P01-005	1	Image-runtime licensing and supply chain	completed	none	Test symlinks and Windows reparse-point rejection.	scripts/audit-local-image-runtime.py;scripts/test-audit-local-image-runtime.py;config/local-image-runtime-license-contract.json	The fail-closed auditor and focused hostile suite now enforce this boundary without runtime, network, installation, or promotion authority.
P01-006	1	Image-runtime licensing and supply chain	completed	none	Test unsafe, Unicode, reserved, absolute, and traversal-like names.	scripts/audit-local-image-runtime.py;scripts/test-audit-local-image-runtime.py;config/local-image-runtime-license-contract.json	The fail-closed auditor and focused hostile suite now enforce this boundary without runtime, network, installation, or promotion authority.
P01-007	1	Image-runtime licensing and supply chain	completed	none	Test duplicate distributions and case collisions.	scripts/audit-local-image-runtime.py;scripts/test-audit-local-image-runtime.py;config/local-image-runtime-license-contract.json	The fail-closed auditor and focused hostile suite now enforce this boundary without runtime, network, installation, or promotion authority.
P01-008	1	Image-runtime licensing and supply chain	completed	none	Test archive-digest substitution.	scripts/audit-local-image-runtime.py;scripts/test-audit-local-image-runtime.py;config/local-image-runtime-license-contract.json	The fail-closed auditor and focused hostile suite now enforce this boundary without runtime, network, installation, or promotion authority.
P01-009	1	Image-runtime licensing and supply chain	completed	none	Test report overwrite and output-location attacks.	scripts/audit-local-image-runtime.py;scripts/test-audit-local-image-runtime.py;config/local-image-runtime-license-contract.json	The fail-closed auditor and focused hostile suite now enforce this boundary without runtime, network, installation, or promotion authority.
P01-010	1	Image-runtime licensing and supply chain	completed	none	Verify the retained AMD v0.30.0 archive again.	docs/local-image-runtime-license-review.md;config/local-image-runtime-license-contract.json	The retained AMD v0.30.0 archive independently matched the contracted SHA-256 before the exact extracted-runtime audit.
P01-011	1	Image-runtime licensing and supply chain	completed	none	Inventory every AMD Python distribution.	docs/local-image-runtime-license-review.md;config/local-image-runtime-license-contract.json	The exact AMD audit inventoried 104 Python distributions.
P01-012	1	Image-runtime licensing and supply chain	completed	none	Inventory every AMD native executable, DLL, extension, and driver-like file.	docs/local-image-runtime-license-review.md;config/local-image-runtime-license-contract.json	The exact AMD audit inventoried all 448 DLL, EXE, PYD, and SYS native artifacts.
P01-013	1	Image-runtime licensing and supply chain	completed	none	Record exact sizes and SHA-256 values.	docs/local-image-runtime-license-review.md;config/local-image-runtime-license-contract.json	Every native artifact has an exact byte count and SHA-256 in ignored evidence; sanitized aggregate evidence records the scope.
P01-014	1	Image-runtime licensing and supply chain	completed	none	Map native artifacts to likely component owners.	docs/local-image-runtime-license-review.md;config/local-image-runtime-license-contract.json	All 448 native artifacts have distribution RECORD or contracted embedded-runtime ownership evidence; exact component terms remain a separate partial task.
P01-015	1	Image-runtime licensing and supply chain	partial	none	Investigate the five distributions missing usable license metadata.	docs/local-image-runtime-license-review.md;config/local-image-runtime-license-contract.json	Five missing-metadata distributions were investigated; the exact comfy-aimdo license is recorded, while four ROCm/ComfyUI records still lack usable metadata.
P01-016	1	Image-runtime licensing and supply chain	partial	none	Investigate the nineteen distributions missing local license evidence.	docs/local-image-runtime-license-review.md;config/local-image-runtime-license-contract.json	Nineteen distributions lacking in-dist-info license files are identified in ignored evidence, but exact external association and completeness remain unresolved.
P01-017	1	Image-runtime licensing and supply chain	partial	none	Reconcile license evidence located outside .dist-info.	docs/local-image-runtime-license-review.md;config/local-image-runtime-license-contract.json	Global license-like evidence is inventoried, but it has not been completely associated with all nineteen affected distributions.
P01-018	1	Image-runtime licensing and supply chain	completed	none	Investigate the simultaneous packaging 26.0 and 26.2 records.	docs/local-image-runtime-license-review.md;config/local-image-runtime-license-contract.json	Resolved packaging 26.2 as top-level and 26.0 as an independently recorded setuptools-vendored copy.
P01-019	1	Image-runtime licensing and supply chain	partial	none	Identify bundled ROCm components individually.	docs/local-image-runtime-license-review.md;config/local-image-runtime-license-contract.json	ROCm distribution and native ownership records exist, but every bundled component has not yet been matched to exact component-specific terms.
P01-020	1	Image-runtime licensing and supply chain	partial	none	Identify bundled PyTorch native components.	docs/local-image-runtime-license-review.md;config/local-image-runtime-license-contract.json	PyTorch-owned native files are represented by RECORD ownership, but exact bundled third-party binary terms remain unreconciled.
P01-021	1	Image-runtime licensing and supply chain	partial	none	Identify codec and multimedia libraries.	docs/local-image-runtime-license-review.md;config/local-image-runtime-license-contract.json	Codec and patent obligations are called out as a required gate, but the exact bundled codec and multimedia library set is not yet identified.
P01-022	1	Image-runtime licensing and supply chain	completed	none	Separate copyright licensing from codec/patent obligations.	docs/local-image-runtime-license-review.md;config/local-image-runtime-license-contract.json	Copyright-license review is explicitly separated from codec, patent, trademark, export, and model-use obligations.
P01-023	1	Image-runtime licensing and supply chain	completed	none	Record ComfyUI GPL obligations.	docs/local-image-runtime-license-review.md;config/local-image-runtime-license-contract.json	ComfyUI GPL-3.0 obligations and the lack of automatic redistribution clearance are recorded.
P01-024	1	Image-runtime licensing and supply chain	completed	none	Record PyTorch binary redistribution obligations.	docs/local-image-runtime-license-review.md;config/local-image-runtime-license-contract.json	PyTorch binary notice preservation and bundled third-party reconciliation obligations are recorded.
P01-025	1	Image-runtime licensing and supply chain	partial	none	Record applicable ROCm component licenses.	docs/local-image-runtime-license-review.md;config/local-image-runtime-license-contract.json	Official ROCm component-license sources and suite-level limitations are recorded, but the exact applicable license for every bundled component remains open.
P01-026	1	Image-runtime licensing and supply chain	completed	none	Keep the SDXL model license as an independent gate.	docs/local-image-runtime-license-review.md;config/local-image-runtime-license-contract.json	The exact SDXL checkpoint license and redistribution obligations remain an independent blocked gate.
P01-027	1	Image-runtime licensing and supply chain	completed	none	Generate deterministic candidate dependency inventory.	scripts/build-local-image-runtime-review-evidence.py;scripts/test-build-local-image-runtime-review-evidence.py;docs/local-image-runtime-license-review.md	Deterministic ignored candidate evidence and parity checks preserve false installation, packaging, redistribution, and promotion authority.
P01-028	1	Image-runtime licensing and supply chain	completed	none	Generate deterministic native-file inventory.	scripts/build-local-image-runtime-review-evidence.py;scripts/test-build-local-image-runtime-review-evidence.py;docs/local-image-runtime-license-review.md	Deterministic ignored candidate evidence and parity checks preserve false installation, packaging, redistribution, and promotion authority.
P01-029	1	Image-runtime licensing and supply chain	completed	none	Generate candidate CycloneDX SBOM evidence.	scripts/build-local-image-runtime-review-evidence.py;scripts/test-build-local-image-runtime-review-evidence.py;docs/local-image-runtime-license-review.md	Deterministic ignored candidate evidence and parity checks preserve false installation, packaging, redistribution, and promotion authority.
P01-030	1	Image-runtime licensing and supply chain	completed	none	Generate candidate third-party notices.	scripts/build-local-image-runtime-review-evidence.py;scripts/test-build-local-image-runtime-review-evidence.py;docs/local-image-runtime-license-review.md	Deterministic ignored candidate evidence and parity checks preserve false installation, packaging, redistribution, and promotion authority.
P01-031	1	Image-runtime licensing and supply chain	completed	none	Generate evidence-file checksums.	scripts/build-local-image-runtime-review-evidence.py;scripts/test-build-local-image-runtime-review-evidence.py;docs/local-image-runtime-license-review.md	Deterministic ignored candidate evidence and parity checks preserve false installation, packaging, redistribution, and promotion authority.
P01-032	1	Image-runtime licensing and supply chain	completed	none	Add inventory/SBOM/notice parity checks.	scripts/build-local-image-runtime-review-evidence.py;scripts/test-build-local-image-runtime-review-evidence.py;docs/local-image-runtime-license-review.md	Deterministic ignored candidate evidence and parity checks preserve false installation, packaging, redistribution, and promotion authority.
P01-033	1	Image-runtime licensing and supply chain	completed	none	Keep every installation, packaging, redistribution, and promotion authority false.	scripts/build-local-image-runtime-review-evidence.py;scripts/test-build-local-image-runtime-review-evidence.py;docs/local-image-runtime-license-review.md	Deterministic ignored candidate evidence and parity checks preserve false installation, packaging, redistribution, and promotion authority.
P01-034	1	Image-runtime licensing and supply chain	completed	none	Prepare exact NVIDIA and Intel audit commands and manifests for later remote execution.	docs/local-image-runtime-license-review.md;config/local-image-runtime-license-contract.json	Exact Intel XPU and NVIDIA CUDA profile IDs, archive digests, audit commands, evidence commands, and non-admission warnings are prepared.
P01-035	1	Image-runtime licensing and supply chain	completed	none	Ensure raw local evidence remains ignored and sanitized summaries contain no private machine details.	docs/local-image-runtime-license-review.md;scripts/test-audit-local-image-runtime.py;scripts/test-build-local-image-runtime-review-evidence.py	Raw evidence remains ignored; committed summaries and tests reject paths and machine identity while recording only public artifact facts.
P02-001	2	Haven 42 portable-package supply chain	completed	none	Reconcile the active PyInstaller package dependency graph.	config/package-dependency-admission.json;package/requirements-build.txt;scripts/test-package-dependency-admission.py	The active unsigned-development PyInstaller graph is the exact eight-distribution Python 3.14.6 closure.
P02-002	2	Haven 42 portable-package supply chain	completed	none	Reconfirm exact PyInstaller build dependencies and hashes.	config/package-dependency-admission.json;package/requirements-build.txt;scripts/test-package-dependency-admission.py	Every direct and transitive build distribution is version-pinned and SHA-256 locked with no index fallback.
P02-003	2	Haven 42 portable-package supply chain	completed	none	Review CPython’s bundled dependency and license inventory.	docs/windows-package-component-audit.md;package/licenses/CPYTHON-3.14.6-LICENSE.txt	CPython 3.14.6 bundled-license and official installer/SBOM provenance are recorded without production clearance.
P02-004	2	Haven 42 portable-package supply chain	completed	none	Review OpenSSL source/version/license provenance.	docs/windows-package-component-audit.md;package/licenses/APACHE-2.0.txt	OpenSSL 3.5.7 source archive, immutable source/binary commits, hash, and Apache-2.0 evidence are recorded.
P02-005	2	Haven 42 portable-package supply chain	completed	none	Review libffi source/version/license provenance.	docs/windows-package-component-audit.md;package/licenses/LIBFFI-3.4.4-LICENSE.txt	libffi 3.4.4 source archive, immutable source/binary commits, hash, and MIT evidence are recorded.
P02-006	2	Haven 42 portable-package supply chain	completed	none	Review the two retained Microsoft Visual C++ runtime files.	docs/windows-package-component-audit.md;scripts/portable_runtime_components.py	Both retained Visual C++ runtime files match the official CPython embeddable archive and Microsoft signatures; redistribution entitlement remains explicitly unresolved.
P02-007	2	Haven 42 portable-package supply chain	completed	none	Record Microsoft’s applicable redistributable-file guidance without claiming legal clearance.	docs/windows-package-component-audit.md	Applicable Microsoft guidance and distributable-code references are recorded without claiming legal clearance.
P02-008	2	Haven 42 portable-package supply chain	completed	none	Verify banned host-derived UCRT/API-set files remain rejected.	scripts/portable_runtime_components.py;scripts/test-portable-runtime-components.py;scripts/verify-portable-development-artifacts.py;docs/windows-package-component-audit.md	The component classifier rejects application-local API-set and UCRT files and the hostile suite exercises that rejection.
P02-009	2	Haven 42 portable-package supply chain	completed	none	Verify every packaged runtime file has a classification.	scripts/portable_runtime_components.py;scripts/test-portable-runtime-components.py;scripts/verify-portable-development-artifacts.py;docs/windows-package-component-audit.md	Exact package-file coverage is required and reconciled to project-owned or explicit upstream runtime groups.
P02-010	2	Haven 42 portable-package supply chain	completed	none	Reject unclassified native files.	scripts/portable_runtime_components.py;scripts/test-portable-runtime-components.py;scripts/verify-portable-development-artifacts.py;docs/windows-package-component-audit.md	Unknown native and non-native packaged files fail closed as unclassified.
P02-011	2	Haven 42 portable-package supply chain	completed	none	Confirm upstream files cannot enter Haven 42’s signing scope.	scripts/portable_runtime_components.py;scripts/test-portable-runtime-components.py;scripts/verify-portable-development-artifacts.py;docs/windows-package-component-audit.md	Only haven42 or haven42.exe may enter project signing scope; every upstream runtime group is signing-ineligible.
P02-012	2	Haven 42 portable-package supply chain	completed	none	Reconcile dependency inventory, SBOM, notices, and package-file inventory.	scripts/build-portable-development-package.py;scripts/verify-portable-development-artifacts.py;docs/portable-development-package.md	Dependency, package-file, runtime-component, SBOM, notice, checksum, and provenance records are cross-validated.
P02-013	2	Haven 42 portable-package supply chain	completed	none	Add hostile tests for altered license evidence.	scripts/verify-portable-development-artifacts.py;package/licenses/CPYTHON-3.14.6-LICENSE.txt;package/licenses/APACHE-2.0.txt;package/licenses/LIBFFI-3.4.4-LICENSE.txt	The hostile self-test substitutes license bytes and requires an exact license-evidence mismatch.
P02-014	2	Haven 42 portable-package supply chain	completed	none	Add hostile tests for substituted runtime components.	scripts/test-portable-runtime-components.py;scripts/verify-portable-development-artifacts.py	Hostile runtime hashes, host-derived DLLs, missing components, and runtime-inventory substitutions are rejected.
P02-015	2	Haven 42 portable-package supply chain	completed	none	Add hostile tests for incomplete notices and SBOMs.	scripts/verify-portable-development-artifacts.py	Hostile self-tests now reject incomplete SBOM components and incomplete third-party/license notices.
P02-016	2	Haven 42 portable-package supply chain	completed	none	Add deterministic candidate license-readiness evidence.	docs/windows-package-component-audit.md;scripts/build-portable-development-package.py	Deterministic development-only inventory, provenance, SBOM, notice, license, and checksum evidence is generated with production authority false.
P02-017	2	Haven 42 portable-package supply chain	completed	none	Review dependency vulnerabilities using isolated tooling.	docs/desktop-dependency-resolution-evidence.md;docs/windows-package-component-audit.md	Isolated pip, npm, Cargo, and controlled-source audit results are recorded with tool provenance and scope limitations.
P02-018	2	Haven 42 portable-package supply chain	completed	none	Record unresolved vulnerabilities and upstream blockers without exceptions being silently granted.	docs/desktop-dependency-resolution-evidence.md	Windows rust-unic and Linux GTK/glib findings remain explicit blockers; no silent exception is granted.
P02-019	2	Haven 42 portable-package supply chain	completed	none	Refresh the rust-unic upstream-blocked status without admitting Tauri.	docs/desktop-dependency-resolution-evidence.md	Official Tauri publication status was rechecked on 2026-08-04; released 2.11.5 still carries the blocked chain while the reviewed fix remains upstream-only.
P02-020	2	Haven 42 portable-package supply chain	completed	none	Keep Tauri/Rust unadmitted and absent from the package.	config/package-dependency-admission.json;docs/portable-development-package.md;scripts/test-package-dependency-admission.py	npm, Cargo, and Tauri runtime admission flags remain false and no Tauri/Rust manifest or runtime enters the portable package.
P03-001	3	Git, CI, and merge-readiness hardening	completed	none	Review all repository and GitHub workflow rules.	config/github-repository-policy.json;docs/github-repository-policy.md;scripts/verify-github-repository-policy.py	The committed governance contract and both hosted workflows were reviewed by the static verifier and hostile workflow mutations.
P03-002	3	Git, CI, and merge-readiness hardening	completed	none	Verify least-privilege workflow permissions.	.github/workflows/validate-pack.yml;.github/workflows/codeql.yml;scripts/verify-github-repository-policy.py	Default contents access remains read-only and the verifier rejects sensitive write grants outside the isolated attestation and CodeQL scopes.
P03-003	3	Git, CI, and merge-readiness hardening	completed	none	Verify action pins use immutable commit SHAs.	.github/workflows/validate-pack.yml;.github/workflows/codeql.yml;scripts/verify-github-repository-policy.py	Every external action reference is checked against a full 40-character commit SHA and reviewed action identities are exact.
P03-004	3	Git, CI, and merge-readiness hardening	completed	none	Verify workflow timeouts and concurrency controls.	.github/workflows/validate-pack.yml;.github/workflows/codeql.yml;scripts/verify-github-repository-policy.py	Every job has a bounded 1-to-30-minute timeout and each workflow has cancel-in-progress concurrency control; hostile drift is rejected.
P03-005	3	Git, CI, and merge-readiness hardening	completed	none	Verify credentials are not persisted by checkout steps.	.github/workflows/validate-pack.yml;.github/workflows/codeql.yml;scripts/verify-github-repository-policy.py	Every checkout block is SHA pinned and must explicitly set persist-credentials false.
P03-006	3	Git, CI, and merge-readiness hardening	completed	none	Review artifact names, retention, and publication boundaries.	.github/workflows/validate-pack.yml;config/github-repository-policy.json;scripts/verify-github-repository-policy.py	The single upload is named unsigned-development, retained seven days, fails on missing files, and carries no release authority.
P03-007	3	Git, CI, and merge-readiness hardening	completed	none	Keep GitHub Release publication disabled.	config/github-repository-policy.json;scripts/verify-github-repository-policy.py	Release publication authority remains false and known release-publishing actions or commands fail policy verification.
P03-008	3	Git, CI, and merge-readiness hardening	completed	none	Add a deterministic local pre-merge readiness command.	scripts/check-pre-merge-readiness.py;config/pre-merge-readiness.json;scripts/test-pre-merge-readiness.py	Read-only spot and commit modes emit deterministic local state and reviewed test guidance without fetching or executing configured commands.
P03-009	3	Git, CI, and merge-readiness hardening	completed	none	Validate the exact staged-tree receipt before commits.	scripts/verify-pre-commit-readiness.py;scripts/test-pre-commit-readiness.py;.githooks/pre-commit	The pre-commit hook accepts only a clean complete index with a schema-v3 Full receipt for the exact staged tree.
P03-010	3	Git, CI, and merge-readiness hardening	completed	none	Prevent stale receipts from satisfying later commits.	scripts/verify-pre-commit-readiness.py;scripts/test-pre-commit-readiness.py;.githooks/pre-push	Hostile tests reject mismatched tree receipts and pre-push reuses a receipt only for the exact clean HEAD tree.
P03-011	3	Git, CI, and merge-readiness hardening	completed	none	Detect wrong branch, wrong repository, detached HEAD, and divergent history.	scripts/check-pre-merge-readiness.py;scripts/test-pre-merge-readiness.py	Twelve hostile checks cover origin confusion, main and detached states, and equal, ahead, behind, and divergent local history.
P03-012	3	Git, CI, and merge-readiness hardening	completed	none	Detect unexpected dirty or ignored-sensitive inputs.	scripts/check-pre-merge-readiness.py;config/pre-merge-readiness.json;scripts/test-pre-merge-readiness.py	Spot mode inventories pending files; commit mode requires a clean complete index; unexpected ignored sensitive-looking names fail without path disclosure.
P03-013	3	Git, CI, and merge-readiness hardening	completed	none	Add changed-file-to-test-area mapping.	config/pre-merge-readiness.json;scripts/check-pre-merge-readiness.py	Sorted tracked and non-ignored pending paths map to reviewed test groups with a mandatory repository-core fallback.
P03-014	3	Git, CI, and merge-readiness hardening	completed	none	Allow targeted spot tests while developing.	docs/test-tiers.md;scripts/check-pre-merge-readiness.py	Spot mode permits pending edits and reports focused commands without weakening the eventual Full gate.
P03-015	3	Git, CI, and merge-readiness hardening	completed	none	Require the complete gate before the eventual push.	.githooks/pre-push;docs/test-tiers.md;scripts/test-pack.ps1;scripts/test-pack.shared.sh	Pre-push accepts only an exact clean Full receipt or runs Full, while hosted CI independently runs Full without local receipts.
P03-016	3	Git, CI, and merge-readiness hardening	completed	none	Improve failure diagnostics so GitHub failures identify the responsible gate.	scripts/verify-hosted-ci.ps1;scripts/verify-hosted-ci.shared.sh	Hosted verification names missing or unsuccessful required jobs, binds the exact commit, and prints failed logs on failure.
P03-017	3	Git, CI, and merge-readiness hardening	completed	none	Test Windows PowerShell 5.1 compatibility.	scripts/test-powershell-compatibility.ps1;.github/workflows/validate-pack.yml	All 55 PowerShell files parsed and the Windows profile smoke passed locally under Desktop PowerShell 5.1; hosted validation preserves the same gate.
P03-018	3	Git, CI, and merge-readiness hardening	completed	none	Test PowerShell 7 compatibility.	scripts/test-powershell-compatibility.ps1;.github/workflows/validate-pack.yml	All 55 PowerShell files parsed and the Windows profile smoke passed locally under PowerShell 7.6; hosted validation preserves the same gate.
P03-019	3	Git, CI, and merge-readiness hardening	completed	none	Test Bash portability and strict quoting.	scripts/test-pack.shared.sh;.github/workflows/validate-pack.yml	Every repository shell script passed Bash syntax validation and shared tests use strict shell execution on Linux and macOS.
P03-020	3	Git, CI, and merge-readiness hardening	completed	none	Add trailing-whitespace and final-newline enforcement.	scripts/validate-pack.ps1;scripts/validate-pack.shared.sh	Both native validators enforce whitespace and exact final-newline policy over the Git-bounded publishable file set.
P03-021	3	Git, CI, and merge-readiness hardening	completed	none	Add documentation-link and wiki-map validation.	scripts/sync-wiki.ps1;scripts/sync-wiki.shared.sh;config/wiki-sync.tsv	Native wiki synchronization validates mapped sources, page structure, final newlines, table-safe wiki syntax, and internal links before writes.
P03-022	3	Git, CI, and merge-readiness hardening	completed	none	Add workflow YAML and repository-policy validation.	scripts/verify-github-repository-policy.py;config/github-repository-policy.json	Static verification checks the complete workflow inventory, required jobs, immutable actions, permissions, artifact boundaries, and repository governance.
P03-023	3	Git, CI, and merge-readiness hardening	completed	none	Ensure privacy scanning covers every non-ignored pending file.	scripts/verify-public-repository-privacy.py;config/public-repository-privacy-policy.json	The scanner covers tracked and untracked non-ignored working files before commit in addition to reachable history.
P03-024	3	Git, CI, and merge-readiness hardening	completed	none	Avoid rescanning previously approved unreachable history while preserving protection for reachable history and new changes.	scripts/verify-public-repository-privacy.py;config/public-repository-privacy-policy.json	History enumeration is limited to commits reachable from approved branch, tag, HEAD, and origin refs; new pending files are scanned separately.
P03-025	3	Git, CI, and merge-readiness hardening	completed	none	Document the faster local-first commit/merge workflow.	docs/test-tiers.md;docs/github-repository-policy.md	The documented flow batches local edits, uses mapped spot tests, runs Full once on the final staged tree, reuses only its exact receipt, then relies on hosted checks.
P04-001	4	Offline installer and lifecycle foundations	completed	none	Reconcile the component registry with current admitted and candidate components.	config/install-component-registry.json;scripts/system_readiness.py	The registry reflects bundled portable Python, physical Intel evidence, user-managed runtimes, zero managed components, and a deny-by-default artifact registry.
P04-002	4	Offline installer and lifecycle foundations	completed	none	Define exact artifact identities for future installer inputs.	config/install-artifact-registry.json;config/offline-installer-lifecycle-contract.json	The empty deny-by-default registry defines every immutable identity and lifecycle evidence field required before a future installer input can be considered.
P04-003	4	Offline installer and lifecycle foundations	completed	none	Add disk-space and temporary-space preflight.	scripts/simulate-offline-installer-lifecycle.py;config/offline-installer-lifecycle-contract.json	Bounded integer checks independently require artifact-scaled destination and temporary space plus a fixed reserve.
P04-004	4	Offline installer and lifecycle foundations	completed	none	Add destination ownership and permission preflight.	scripts/simulate-offline-installer-lifecycle.py;config/offline-installer-lifecycle-contract.json	Plans fail unless destination ownership, writability, and trusted permission proofs are explicitly true.
P04-005	4	Offline installer and lifecycle foundations	completed	none	Add path canonicalization and containment.	scripts/simulate-offline-installer-lifecycle.py;scripts/test-offline-installer-lifecycle.py	Only approved logical roots and validated relative segments are representable; canonical and within-root proofs are mandatory.
P04-006	4	Offline installer and lifecycle foundations	completed	none	Reject symlinks, junctions, reparse points, and mount escapes.	config/offline-installer-lifecycle-contract.json;scripts/test-offline-installer-lifecycle.py	Hostile proof mutations for every link and escape category fail closed.
P04-007	4	Offline installer and lifecycle foundations	completed	none	Reject installation inside application, repository, or user-data roots where unsafe.	scripts/simulate-offline-installer-lifecycle.py;config/offline-installer-lifecycle-contract.json	Destination proofs must deny application, repository, and user-data overlap.
P04-008	4	Offline installer and lifecycle foundations	completed	none	Define immutable runtime and mutable user-data separation.	docs/offline-installer-lifecycle-foundation.md;config/offline-installer-lifecycle-contract.json	Approved immutable application and update-state roots are separate from user data, which is preserved by default.
P04-009	4	Offline installer and lifecycle foundations	completed	none	Model install, update, rollback, cleanup, and uninstall transactions.	scripts/simulate-offline-installer-lifecycle.py;examples/fixtures/offline-installer-lifecycle-request.json	All five lifecycle operations plus recovery produce plans through bounded transaction phases without execution authority.
P04-010	4	Offline installer and lifecycle foundations	completed	none	Model interruption at every lifecycle phase.	scripts/test-offline-installer-lifecycle.py;config/offline-installer-lifecycle-contract.json	Seven pre-completion phases are individually interrupted and required to return a recovery plan.
P04-011	4	Offline installer and lifecycle foundations	completed	none	Model recovery from partial state.	scripts/simulate-offline-installer-lifecycle.py;scripts/test-offline-installer-lifecycle.py	Recovery requires a recorded partial transaction and its valid digest-chained journal; ambiguous partial state is rejected.
P04-012	4	Offline installer and lifecycle foundations	completed	none	Model retained-version limits.	config/offline-installer-lifecycle-contract.json;scripts/test-offline-installer-lifecycle.py	The side-by-side retention limit is two and oversized or duplicate current state fails closed.
P04-013	4	Offline installer and lifecycle foundations	completed	none	Model user-data retention choices.	config/offline-installer-lifecycle-contract.json;docs/offline-installer-lifecycle-foundation.md	Preserve is the default; delete is representable only as an explicit uninstall choice and still causes no simulated deletion.
P04-014	4	Offline installer and lifecycle foundations	completed	none	Model exact-file uninstall without broad directory deletion.	scripts/simulate-offline-installer-lifecycle.py;scripts/test-offline-installer-lifecycle.py	Uninstall requires a bounded manifest of exact transaction-owned relative files and digests; an empty or broad deletion plan is rejected.
P04-015	4	Offline installer and lifecycle foundations	completed	none	Add hostile manifests, replay, downgrade, and state-confusion tests.	scripts/test-offline-installer-lifecycle.py	Thirty-eight checks cover valid lifecycle plans plus hostile shapes, identities, paths, storage, permissions, replay, downgrade, interruption, recovery, journal, retention, and uninstall state.
P04-016	4	Offline installer and lifecycle foundations	completed	none	Add crash-safe journal structure and digest chaining.	scripts/simulate-offline-installer-lifecycle.py;config/offline-installer-lifecycle-contract.json	Canonical JSON journal records use strict sequence, transaction binding, previous-digest binding, and SHA-256 chaining.
P04-017	4	Offline installer and lifecycle foundations	completed	none	Keep all machine-effect flags false.	config/offline-installer-lifecycle-contract.json;scripts/test-pack.ps1	The contract lists every relevant effect as false and both direct and Fast-gate assertions reject any enabled effect.
P04-018	4	Offline installer and lifecycle foundations	completed	none	Produce platform-specific future execution checklists.	config/offline-installer-lifecycle-contract.json;docs/offline-installer-lifecycle-foundation.md	Separate Windows, Linux, and macOS checklists cover native trust, canonical paths, link or volume escape, permissions, interruption, rollback, uninstall, and user data.
P04-019	4	Offline installer and lifecycle foundations	completed	none	Do not create an installer, service, scheduled task, registry key, or system modification.	docs/offline-installer-lifecycle-foundation.md;config/offline-installer-lifecycle-contract.json	No installer or activation entry point was added and all service, task, registry, driver, elevation, process, filesystem, and network effects remain false.
P05-001	5	Offline updater trust foundations	completed	none	Review candidate cryptographic verification libraries and native mechanisms.	docs/core-update-cryptographic-verifier-review.md	Windows Authenticode, Apple Security static-code validation, Cosign offline bundles, sigstore-python, and rejected Rust integration were compared using official sources.
P05-002	5	Offline updater trust foundations	completed	none	Produce a dependency/license/security recommendation without admitting a new runtime dependency automatically.	docs/core-update-cryptographic-verifier-review.md;config/package-dependency-admission.json	The recommendation keeps structural code dependency-free, favors native platform verification plus a future pinned Cosign helper, and admits no dependency.
P05-003	5	Offline updater trust foundations	completed	none	Define the exact signed release-manifest format.	config/core-update-manifest-contract.json;examples/fixtures/core-update-manifest.json	A strict schema-v1 immutable-release manifest defines exact release, compatibility, asset, signature or attestation, SBOM, and notice fields.
P05-004	5	Offline updater trust foundations	completed	none	Bind repository, release tag, commit, platform, architecture, asset size, and digest.	config/core-update-manifest-contract.json;config/core-update-trust-handoff-contract.json	The manifest and structural receipt jointly bind the repository release identity, full commit, target identity, exact bytes, and SHA-256 digests.
P05-005	5	Offline updater trust foundations	partial	none	Define trusted identity and issuer requirements.	docs/core-update-cryptographic-verifier-review.md;config/core-update-trust-handoff-contract.json	Identity and issuer binding is mandatory in the selected-verifier recommendation, but no exact trusted signer and issuer registry exists because signing and a verifier are not admitted.
P05-006	5	Offline updater trust foundations	partial	none	Define offline bundle requirements.	docs/core-update-cryptographic-verifier-review.md;config/core-update-trust-handoff-contract.json	Offline bundle verification is required structurally; the exact selected bundle schema, size limits, certificate chain, signed time, and embedded trust material remain dependent on verifier selection.
P05-007	5	Offline updater trust foundations	partial	none	Define transparency-log evidence requirements.	docs/core-update-cryptographic-verifier-review.md;config/core-update-trust-handoff-contract.json	Transparency verification is mandatory in a receipt, but the exact log identity, checkpoint, inclusion proof, signed time, and offline freshness rules remain undefined until a verifier is selected.
P05-008	5	Offline updater trust foundations	completed	none	Define trusted-root and key-rotation rules.	config/core-update-verifier-transition-contract.json;scripts/core-update-verifier-transition.py	The structural transition requires next-version ordering, validity overlap, verifier continuity, active-root continuity, current-root authorization, and replay defense.
P05-009	5	Offline updater trust foundations	completed	none	Define threshold and validity-period behavior.	config/core-update-verifier-transition-contract.json;scripts/core-update-verifier-transition.py	Threshold signers must be unique current active roots and registry validity must overlap and extend monotonically.
P05-010	5	Offline updater trust foundations	partial	none	Reject expired, future-dated, replayed, revoked, or unknown identities.	scripts/core-update-trust-handoff.py;scripts/core-update-verifier-transition.py;docs/core-update-cryptographic-verifier-review.md	Structural tests reject expiry, future issue, replay, unknown verifier profiles, and unknown transition signers; actual signer revocation and unknown identity rejection require the missing trusted identity registry and native verifier.
P05-011	5	Offline updater trust foundations	completed	none	Reject asset/manifest/platform substitution.	scripts/core-update-policy.py;scripts/core-update-trust-handoff.py	Twenty-eight policy and 30 handoff cases reject repository, release, commit, manifest, asset, digest, operating-system, architecture, and target substitution.
P05-012	5	Offline updater trust foundations	partial	none	Add deterministic cryptographic test vectors where available.	docs/core-update-cryptographic-verifier-review.md;examples/fixtures/core-update-trust-receipt.json	Deterministic structural fixtures exist, but they are explicitly non-cryptographic; genuine valid and corrupt signature vectors await the selected verifier and signed fixtures.
P05-013	5	Offline updater trust foundations	partial	none	Add signature-corruption and trust-root-transition tests.	scripts/core-update-verifier-transition.py;docs/core-update-cryptographic-verifier-review.md	Thirty-three structural trust-root transition cases pass; real signature and signed-payload corruption tests await an admitted verifier and cryptographic fixtures.
P05-014	5	Offline updater trust foundations	completed	none	Connect verified receipts to the existing structural handoff without granting activation.	config/core-update-trust-handoff-contract.json;scripts/core-update-trust-handoff.py	A bounded receipt can be structurally admitted while cryptographic verification, trust, promotion, staging, and activation all remain false.
P05-015	5	Offline updater trust foundations	completed	none	Extend compatibility preflight and rollback simulations.	config/core-update-lifecycle-contract.json;scripts/core-update-lifecycle.py	Forty-five effect-free cases model evidence and compatibility preflight, staged and post-activation health, interruption, rollback, and retention.
P05-016	5	Offline updater trust foundations	completed	none	Keep network checks, downloads, staging, activation, and cleanup disabled.	config/core-update-trust-handoff-contract.json;config/core-update-lifecycle-contract.json	Every updater and lifecycle effect remains false and no network, download, write, stage, activate, rollback, or cleanup entry point is admitted.
P05-017	5	Offline updater trust foundations	completed	none	Update updater security and release documentation.	docs/desktop-storage-and-updates.md;docs/core-update-cryptographic-verifier-review.md	Updater architecture, candidate verifier mechanisms, dependency decision, non-authority, and remaining cryptographic gates are documented and wiki mapped.
P06-001	6	Windows image-provider preparation	completed	none	Normalize exact AMD, NVIDIA, and Intel candidate profile records.	config/local-image-candidate-profiles.json;examples/windows-amd-image-provider-validation.md;examples/windows-nvidia-image-provider-validation.md;examples/windows-intel-image-provider-validation.md	Three exact-profile candidate records preserve immutable evidence and explicitly block selection where driver, archive-size, or checkpoint-size evidence is missing.
P06-002	6	Windows image-provider preparation	completed	none	Reconcile documented update/rollback results.	config/evidence-catalog.tsv;examples/windows-amd-image-provider-validation.md;examples/windows-nvidia-image-provider-validation.md;examples/windows-intel-image-provider-validation.md	The catalog now records the completed immutable version transitions for all three exact Windows cells without promoting them.
P06-003	6	Windows image-provider preparation	completed	none	Fix stale evidence-catalog descriptions.	config/evidence-catalog.tsv	Stale AMD and NVIDIA transition gaps were removed and the missing Intel entry was added.
P06-004	6	Windows image-provider preparation	completed	none	Define exact provider archive and checkpoint manifests.	config/local-image-candidate-profiles.json	Known archive sizes and digests plus the immutable checkpoint revision and digest are recorded; unknown sizes remain null and fail closed.
P06-005	6	Windows image-provider preparation	completed	none	Define required driver/runtime and accelerator identity.	config/local-image-candidate-profiles.json;scripts/test-local-image-candidate-profiles.py	Selection requires exact OS, architecture, accelerator, runtime, VRAM, and driver fields; the absent AMD driver identity blocks selection.
P06-006	6	Windows image-provider preparation	completed	none	Add hardware-profile selection fixtures.	examples/fixtures/local-image-hardware-profile-cases.json;scripts/test-local-image-candidate-profiles.py	Seven deterministic exact-match and rejection fixtures pass.
P06-007	6	Windows image-provider preparation	completed	none	Reject cross-platform evidence inheritance.	config/local-image-candidate-profiles.json;examples/fixtures/local-image-hardware-profile-cases.json	The contract forbids inheritance and a Linux request cannot select a Windows evidence cell.
P06-008	6	Windows image-provider preparation	completed	none	Reject silent CPU fallback.	config/local-image-candidate-profiles.json;examples/fixtures/local-image-hardware-profile-cases.json	CPU fallback is forbidden and the hostile CPU fixture produces no profile.
P06-009	6	Windows image-provider preparation	completed	none	Add storage and VRAM fit calculations.	config/local-image-candidate-profiles.json;scripts/test-local-image-candidate-profiles.py	Exact VRAM floors and a deterministic storage formula exist; incomplete size inputs produce candidate-unavailable rather than an estimate.
P06-010	6	Windows image-provider preparation	completed	none	Add exact consent and effect disclosure records.	config/local-image-candidate-profiles.json;docs/local-image-native-validation-packet.md	Consent is single-use, effect-bound, rejects unknown artifacts, and discloses network, write, process, retention, and cleanup effects.
P06-011	6	Windows image-provider preparation	completed	none	Add loopback-only endpoint requirements.	config/local-image-candidate-profiles.json;scripts/test-local-image-provider-process-lifecycle.py	The only permitted endpoint is fixed HTTP loopback with redirects disabled, and the local harness tests it.
P06-012	6	Windows image-provider preparation	completed	none	Add provider process-identity requirements.	config/local-image-candidate-profiles.json;scripts/test-local-image-provider-process-lifecycle.py	The process identity binds profile, artifact, executable digest, PID, creation identity, nonce, and endpoint.
P06-013	6	Windows image-provider preparation	completed	none	Add occupied-port and foreign-process rejection.	scripts/test-local-image-provider-process-lifecycle.py	A foreign listener causes startup rejection and remains alive.
P06-014	6	Windows image-provider preparation	completed	none	Add safe browser-launch boundaries where applicable.	config/local-image-candidate-profiles.json;scripts/test-local-image-provider-process-lifecycle.py	Provider browser auto-launch is disabled and the test harness never invokes a browser.
P06-015	6	Windows image-provider preparation	completed	none	Build a local dummy-provider lifecycle harness.	scripts/test-local-image-provider-process-lifecycle.py	An isolated standard-library loopback provider exercises lifecycle behavior in temporary storage.
P06-016	6	Windows image-provider preparation	completed	none	Test on-demand startup without external software.	scripts/test-local-image-provider-process-lifecycle.py	The dummy provider starts only on demand and uses no external runtime.
P06-017	6	Windows image-provider preparation	completed	none	Test automatic idle shutdown.	scripts/test-local-image-provider-process-lifecycle.py	A bounded idle deadline stops the exact process and closes its endpoint.
P06-018	6	Windows image-provider preparation	completed	none	Test explicit cancellation.	scripts/test-local-image-provider-process-lifecycle.py	Explicit cancellation terminates only the exact owned process identity.
P06-019	6	Windows image-provider preparation	completed	none	Test startup failure and timeout.	scripts/test-local-image-provider-process-lifecycle.py	Occupied-port startup failure and bounded request timeout are tested without collateral termination.
P06-020	6	Windows image-provider preparation	completed	none	Test crashed-provider recovery.	scripts/test-local-image-provider-process-lifecycle.py	Deliberate crash recovery requires a fresh process and session nonce.
P06-021	6	Windows image-provider preparation	completed	none	Test stale PID and process-reuse rejection.	scripts/test-local-image-provider-process-lifecycle.py	A mismatched creation identity cannot control the running process.
P06-022	6	Windows image-provider preparation	completed	none	Test exact-process forced recovery.	scripts/test-local-image-provider-process-lifecycle.py	Recovery and shutdown retain the exact subprocess handle and verified identity.
P06-023	6	Windows image-provider preparation	completed	none	Test provider history and temporary-output cleanup.	scripts/test-local-image-provider-process-lifecycle.py	Only run-owned history, temporary output, and generated output files are removed.
P06-024	6	Windows image-provider preparation	completed	none	Test retention choices.	scripts/test-local-image-provider-process-lifecycle.py;config/local-image-lifecycle-contract.json	Checkpoint preservation and explicit provider/generated-data choices remain bounded.
P06-025	6	Windows image-provider preparation	completed	none	Test effect-free update and rollback orchestration.	scripts/test-local-image-provider-process-lifecycle.py;scripts/test-local-image-lifecycle-foundation.py	Update and rollback transitions remain plans with every effect false.
P06-026	6	Windows image-provider preparation	completed	none	Test exact-file cleanup and uninstall planning.	scripts/test-local-image-provider-process-lifecycle.py;config/local-image-lifecycle-contract.json	Cleanup targets exact owned files and uninstall remains an effect-free plan.
P06-027	6	Windows image-provider preparation	completed	none	Add candidate source-versus-package parity contracts.	config/local-image-source-package-parity-contract.json;scripts/test-local-image-package-boundary.py	Nine equivalent policy checks are defined while native execution remains required for completion evidence.
P06-028	6	Windows image-provider preparation	completed	none	Prepare native test bundles for the later NVIDIA and Intel runs.	docs/local-image-native-validation-packet.md	A reusable AMD, NVIDIA, and Intel native packet defines preflight, parity, lifecycle, and sanitized-result boundaries without machine authority.
P06-029	6	Windows image-provider preparation	completed	none	Keep all three Windows profiles unpromoted.	config/local-image-candidate-profiles.json;scripts/test-local-image-candidate-profiles.py	All three profiles remain partial-pass-unpromoted and hostile promotion mutations fail.
P06-030	6	Windows image-provider preparation	completed	none	Add no runtime, checkpoint, installer, or provider files to the Haven package.	scripts/test-local-image-package-boundary.py;package/haven42.spec	The strict shipping allowlist contains none of the candidate manifests, provider runtimes, checkpoints, images, or installer payloads.
P07-001	7	Audio and video preparation	completed	none	Refresh official ACE-Step candidate identity and licensing.	docs/local-audio-provider-candidates.md;config/generative-media-candidate-contract.json	The official v0.1.8 release, signed commit identity, model revision, and MIT declaration were rechecked on 2026-08-04 without downloads.
P07-002	7	Audio and video preparation	completed	none	Record its known unauthenticated route issue as a promotion blocker.	docs/local-audio-provider-candidates.md;config/generative-media-candidate-contract.json	ACE-Step remains promotion-blocked until top-level authentication and route ordering are fixed and retested.
P07-003	7	Audio and video preparation	completed	none	Add a regression fixture for the route collision.	examples/fixtures/ace-step-route-collision-cases.json;scripts/test-generative-media-candidate-contract.py	Three route-order cases deterministically expose catch-all shadowing and the required fix.
P07-004	7	Audio and video preparation	completed	none	Define typed WAV and FLAC artifact contracts.	config/generative-media-candidate-contract.json;scripts/test-generative-media-candidate-contract.py	WAV and FLAC media types and immutable magic requirements are explicit.
P07-005	7	Audio and video preparation	completed	none	Define audio duration, sample-rate, channels, signal, clipping, and decodability gates.	config/generative-media-candidate-contract.json	Nine mandatory audio gates cover bounded structure, decoding, signal, clipping, metadata, and size.
P07-006	7	Audio and video preparation	completed	none	Define reference-audio, identifiable-voice, lyrics, and artist-style consent boundaries.	config/generative-media-candidate-contract.json;docs/generative-media-consent-policy.md	Purpose-bound consent and rights confirmation are deterministic requirements outside model prompts.
P07-007	7	Audio and video preparation	completed	none	Define audio retention and cleanup requirements.	config/generative-media-candidate-contract.json	Temporary and failed outputs plus provider history are cleaned while user artifacts remain preserved by default.
P07-008	7	Audio and video preparation	completed	none	Review Stable Audio candidates and exact licensing boundaries.	docs/local-audio-provider-candidates.md;config/generative-media-candidate-contract.json	The official revenue-dependent Community and Enterprise boundary is documented; gated acquisition and separate component terms remain blockers.
P07-009	7	Audio and video preparation	completed	none	Keep noncommercial candidates excluded from product promotion.	config/generative-media-candidate-contract.json;scripts/test-generative-media-candidate-contract.py	Every restricted or non-permissive candidate remains promotion-blocked and absent from active registries.
P07-010	7	Audio and video preparation	completed	none	Prepare exact external audio validation manifests.	examples/fixtures/generative-media-native-validation-manifests.json	The ACE-Step manifest names exact operations, formats, and gates while granting no download or launch authority.
P07-011	7	Audio and video preparation	completed	none	Refresh HunyuanVideo, Wan, and LTX candidate records.	docs/local-video-provider-candidates.md;config/generative-media-candidate-contract.json	Immutable source/model revisions and statuses were rechecked; Hunyuan territorial exclusions are now explicit.
P07-012	7	Audio and video preparation	completed	none	Reconfirm VRAM, storage, runtime, and licensing thresholds.	docs/local-video-provider-candidates.md;config/generative-media-candidate-contract.json	Known 14, 24, and 32 GiB VRAM floors and known storage floors remain exact; unknown Hunyuan total storage remains null.
P07-013	7	Audio and video preparation	completed	none	Define typed MP4 and WebM artifact contracts.	config/generative-media-candidate-contract.json	MP4 and WebM media types, structural signatures, and non-execution boundaries are explicit.
P07-014	7	Audio and video preparation	completed	none	Define duration, dimensions, frame rate, decodability, audio-track, and metadata gates.	config/generative-media-candidate-contract.json	Nine mandatory video gates include all requested structural and metadata checks.
P07-015	7	Audio and video preparation	completed	none	Define image-to-video reference-media consent.	config/generative-media-candidate-contract.json;docs/generative-media-consent-policy.md	Image-to-video inputs require explicit purpose-bound approval and identity inputs cannot enter evidence.
P07-016	7	Audio and video preparation	completed	none	Define video cancellation, cleanup, and retention requirements.	config/generative-media-candidate-contract.json	Cancellation, timeout, exact shutdown, crash recovery, temporary-frame cleanup, and preserved user output are mandatory.
P07-017	7	Audio and video preparation	completed	none	Prepare future external video validation manifests.	examples/fixtures/generative-media-native-validation-manifests.json	Hunyuan, Wan, and LTX native packets specify operations, formats, and fail-closed gates without effects.
P07-018	7	Audio and video preparation	completed	none	Keep audio and video capabilities absent from the active registry and UI.	scripts/test-generative-media-candidate-contract.py;config/capabilities.json;config/workflows.json	The test proves both capability IDs remain absent from active registries and provider names remain outside the package spec.
P07-019	7	Audio and video preparation	completed	none	Do not download large model weights or provider runtimes.	config/generative-media-candidate-contract.json;examples/fixtures/generative-media-native-validation-manifests.json	Downloads and all machine effects remain false; this phase created contracts, fixtures, tests, and documentation only.
P08-001	8	Quantization and model lifecycle preparation	completed	none	Reconcile all completed NVIDIA and AMD follow-on results.	docs/hardware-adaptive-quantization.md;examples/cross-accelerator-model-validation.md	Exact CUDA and HIP follow-on outcomes remain bound to their reviewed runtime, model, hardware, context, and operations.
P08-002	8	Quantization and model lifecycle preparation	completed	none	Record Intel’s failed Windows SYCL baseline accurately.	examples/intel-b580-inference-engine-validation.md;examples/cross-accelerator-model-validation.md	The Windows SYCL zero-memory and tensor-load failure remains explicit and grants no selection authority.
P08-003	8	Quantization and model lifecycle preparation	completed	none	Keep failed quality cells from granting authority.	config/quantized-artifact-lifecycle-contract.json;scripts/test-quantized-artifact-lifecycle.py	Catalog admission requires every exact functional, quality, tool-use, cleanup, and rollback field to pass.
P08-004	8	Quantization and model lifecycle preparation	completed	none	Validate quantization manifest schema completeness.	config/quantized-artifact-manifest-contract.json;config/quantized-artifact-lifecycle-contract.json	The artifact and lifecycle schemas require exact source, derivative, recipe, compatibility, storage, validation, and state records.
P08-005	8	Quantization and model lifecycle preparation	completed	none	Validate source-model, derivative-license, and recipe identity.	scripts/simulate-quantized-artifact-lifecycle.py;scripts/test-quantized-artifact-lifecycle.py	Immutable revision and digests, matching derivative rights, complete provenance, and pinned recipe fields fail closed.
P08-006	8	Quantization and model lifecycle preparation	completed	none	Validate exact runtime and hardware compatibility.	config/quantized-artifact-lifecycle-contract.json;scripts/simulate-quantized-artifact-lifecycle.py	Runtime, version, OS, architecture, accelerator, driver, context, and full-offload evidence are mandatory.
P08-007	8	Quantization and model lifecycle preparation	completed	none	Add storage and temporary-space budgeting.	scripts/simulate-quantized-artifact-lifecycle.py;examples/fixtures/quantized-artifact-lifecycle-request.json	Final, temporary, and reserve bytes must fit available storage and the derivative size must match exactly.
P08-008	8	Quantization and model lifecycle preparation	completed	none	Add activation simulation.	scripts/simulate-quantized-artifact-lifecycle.py;scripts/test-quantized-artifact-lifecycle.py	A fully passing staged artifact produces an atomic activation and automatic rollback plan with all effects false.
P08-009	8	Quantization and model lifecycle preparation	completed	none	Add previous-model rollback simulation.	scripts/simulate-quantized-artifact-lifecycle.py;scripts/test-quantized-artifact-lifecycle.py	Rollback requires a known previous artifact, rollback-required state, and passing rollback evidence.
P08-010	8	Quantization and model lifecycle preparation	completed	none	Add partial-conversion cleanup simulation.	scripts/simulate-quantized-artifact-lifecycle.py;scripts/test-quantized-artifact-lifecycle.py	Only an exact recorded partial artifact can enter the effect-free cleanup plan.
P08-011	8	Quantization and model lifecycle preparation	completed	none	Add interrupted-activation recovery simulation.	scripts/simulate-quantized-artifact-lifecycle.py;scripts/test-quantized-artifact-lifecycle.py	Conversion, activation, and rollback interruptions preserve known-good state and plan exact partial cleanup before new effects.
P08-012	8	Quantization and model lifecycle preparation	completed	none	Add catalog-admission rules for exact passing cells only.	config/quantized-artifact-lifecycle-contract.json;scripts/simulate-quantized-artifact-lifecycle.py	Only an exact inspect result with every validation field passing can report catalog eligibility.
P08-013	8	Quantization and model lifecycle preparation	completed	none	Add license and provenance checks before catalog admission.	scripts/simulate-quantized-artifact-lifecycle.py;scripts/test-quantized-artifact-lifecycle.py	Missing derivative rights, mismatched licenses, or incomplete provenance are rejected before eligibility.
P08-014	8	Quantization and model lifecycle preparation	completed	none	Add no-silent-fallback and no-moving-revision tests.	scripts/test-quantized-artifact-lifecycle.py	Thirteen hostile cases include moving revisions, path-like repository escapes, and silent fallback.
P08-015	8	Quantization and model lifecycle preparation	completed	none	Prepare future Windows Intel and macOS test packets.	docs/quantized-artifact-native-validation-packet.md	The native packet preserves the failed Windows baseline and defines exact non-transferable Windows Intel and macOS gates.
P08-016	8	Quantization and model lifecycle preparation	completed	none	Keep runtime activation and UI integration inactive.	config/quantized-artifact-lifecycle-contract.json;package/haven42.spec	Every lifecycle effect and catalog change is false and no new runtime or UI resource is packaged.
P09-001	9	Conversation history database	completed	none	Review SQLite and SQLCipher dependency, license, and packaging boundaries.	docs/conversation-history-encryption-review.md;config/conversation-history-store-contract.json	Standard-library SQLite is development-only; SQLCipher and OS key stores remain reviewed candidates with no runtime or package admission.
P09-002	9	Conversation history database	completed	none	Define the development-only database location policy.	config/conversation-history-development-contract.json;config/conversation-history-store-contract.json	Only a newly empty, absolute, non-link temporary directory is accepted; caller and persistent paths are forbidden.
P09-003	9	Conversation history database	completed	none	Implement the versioned schema using synthetic data.	scripts/conversation-history-development-store.py;scripts/test-conversation-history-store.py	A synthetic-only v1-to-v2 schema covers conversations, messages, attachment metadata, and provenance.
P09-004	9	Conversation history database	completed	none	Implement atomic schema creation and migration.	scripts/conversation-history-development-store.py	Schema creation and the v2 migration use fixed DDL and an immediate transaction.
P09-005	9	Conversation history database	completed	none	Implement rollback on failed migrations.	scripts/test-conversation-history-store.py	Injected migration failure leaves user_version 1 and removes the attempted column.
P09-006	9	Conversation history database	completed	none	Implement parameterized allowlisted operations.	config/conversation-history-store-contract.json;scripts/conversation-history-development-store.py	Only named fixed operations exist and all values use SQLite parameters.
P09-007	9	Conversation history database	completed	none	Implement conversation creation, rename, listing, and search.	scripts/conversation-history-development-store.py;scripts/test-conversation-history-store.py	Bounded deterministic operations include wildcard-escaped search.
P09-008	9	Conversation history database	completed	none	Implement ordered message storage.	scripts/conversation-history-development-store.py	Per-conversation ordinals are unique and reads sort ascending.
P09-009	9	Conversation history database	completed	none	Implement model/provider provenance fields.	scripts/conversation-history-development-store.py	Both conversations and messages retain validated logical model/provider identifiers.
P09-010	9	Conversation history database	completed	none	Implement retention metadata.	config/conversation-history-store-contract.json;scripts/conversation-history-development-store.py	Every conversation stores one allowlisted retention policy.
P09-011	9	Conversation history database	completed	none	Implement permanent conversation deletion.	scripts/conversation-history-development-store.py;scripts/test-conversation-history-store.py	Foreign-key cascade and secure-delete remove messages and attachment snapshots with the conversation.
P09-012	9	Conversation history database	completed	none	Implement clear-all behavior.	scripts/conversation-history-development-store.py;scripts/test-conversation-history-store.py	Clear-all deletes every conversation through the same cascade.
P09-013	9	Conversation history database	completed	none	Implement sanitized export/import.	scripts/conversation-history-development-store.py;scripts/test-conversation-history-store.py	Bounded deterministic JSON export/import uses a strict schema and atomic import transaction.
P09-014	9	Conversation history database	completed	none	Reject paths, credentials, secrets, and arbitrary SQL.	config/conversation-history-store-contract.json;scripts/test-conversation-history-store.py	Forbidden fields fail recursively and SQL-shaped message content remains inert parameter data.
P09-015	9	Conversation history database	completed	none	Keep attachment bytes out of history by default.	config/conversation-history-store-contract.json;scripts/conversation-history-development-store.py	No attachment byte or base64 field exists and imports reject both.
P09-016	9	Conversation history database	completed	none	Represent attachment snapshots by bounded metadata only.	config/conversation-history-store-contract.json;scripts/conversation-history-development-store.py	Snapshots contain only name, media type, byte count, digest, and send-time availability.
P09-017	9	Conversation history database	completed	none	Add corruption, locked-database, busy, disk-full, and interrupted-write tests.	scripts/test-conversation-history-store.py	Twenty checks cover corrupt preservation, bounded lock failure, simulated quota failure, and transaction rollback after interruption.
P09-018	9	Conversation history database	completed	none	Add backup/restore design and hostile manifest tests.	scripts/validate-conversation-history-development.py;scripts/conversation-history-development-store.py;scripts/test-conversation-history-store.py	Backup/restore is exercised and exact size/digest manifests reject tampering and unsafe destinations.
P09-019	9	Conversation history database	completed	none	Add encryption/key-management admission checks.	docs/conversation-history-encryption-review.md;config/conversation-history-contract.json;config/conversation-history-store-contract.json	SQLCipher, DPAPI, Secret Service, and Keychain gates are explicit and credential-store failure selects write-free private session.
P09-020	9	Conversation history database	completed	none	Keep plaintext storage unpromoted.	config/conversation-history-store-contract.json;scripts/test-conversation-history-store.py	Plaintext promotion and encryption admission remain false.
P09-021	9	Conversation history database	completed	none	Use only synthetic temporary databases during tests.	config/conversation-history-development-contract.json;scripts/test-conversation-history-store.py	All records are fixed synthetic values under temporary directories and every test removes residue.
P09-022	9	Conversation history database	completed	none	Keep the runtime route and UI disabled.	config/conversation-history-contract.json;config/conversation-history-store-contract.json	Runtime, UI, user-content, persistence, provider, and network activation remain false.
P09-023	9	Conversation history database	completed	none	Verify database code and dependencies remain excluded from shipping packages until admission.	scripts/test-conversation-history-store.py;package/haven42.spec	The development module and contract are absent from the strict package resource list and add no dependency.
P10-001	10	Explicit folder-selection foundation	completed	none	Define an explicit user-grant contract.	config/folder-selection-foundation.json	The development contract requires explicit selection and grants no runtime, provider, persistence, network, or package authority.
P10-002	10	Explicit folder-selection foundation	completed	none	Permit only a user-selected root.	config/folder-selection-foundation.json;scripts/inspect-folder-selection.py	Inspection accepts one explicit absolute directory and has no machine-discovery entry point.
P10-003	10	Explicit folder-selection foundation	completed	none	Canonicalize the selected root.	scripts/inspect-folder-selection.py	The selected root resolves strictly before traversal and only relative names leave the inspector.
P10-004	10	Explicit folder-selection foundation	completed	none	Reject symlinks, junctions, reparse points, mount escapes, and traversal.	scripts/inspect-folder-selection.py;scripts/test-folder-selection-foundation.py	Root and entry links/reparse points, different device identities, and non-relative escapes fail closed.
P10-005	10	Explicit folder-selection foundation	completed	none	Reject hidden/system/device and unsafe special files.	scripts/inspect-folder-selection.py	Dot-hidden and Windows hidden/system attributes plus every non-regular entry are rejected.
P10-006	10	Explicit folder-selection foundation	completed	none	Add configurable file, byte, depth, and time budgets.	config/folder-selection-foundation.json;scripts/inspect-folder-selection.py	Depth, count, per-file, aggregate-byte, and path-length budgets are contract bounded; synchronous traversal has no background lifetime.
P10-007	10	Explicit folder-selection foundation	completed	none	Add extension and content-type allowlists.	config/folder-selection-foundation.json;scripts/inspect-folder-selection.py	The fixed UTF-8 source/text extension allowlist and shared content validators both must pass.
P10-008	10	Explicit folder-selection foundation	completed	none	Reuse existing attachment content validation.	scripts/inspect-folder-selection.py;web/server.py	The inspector directly invokes the chat attachment identity and JSON/CSV structure validators.
P10-009	10	Explicit folder-selection foundation	completed	none	Reject archives, executables, scripts outside the admitted source allowlist, and disguised binaries.	scripts/inspect-folder-selection.py;scripts/test-folder-selection-foundation.py	Extension, magic, NUL, strict UTF-8, shebang, PowerShell, and shared identity checks reject disguised active content.
P10-010	10	Explicit folder-selection foundation	completed	none	Add exclusions for common dependency/build/cache directories.	config/folder-selection-foundation.json;scripts/test-folder-selection-foundation.py	A fixed twelve-name dependency/build/cache exclusion list is exercised without weakening hidden-entry rejection.
P10-011	10	Explicit folder-selection foundation	completed	none	Add deterministic preview before reading content.	scripts/inspect-folder-selection.py;scripts/test-folder-selection-foundation.py	The sorted metadata preview exposes relative name, extension, and size and is proven not to call the content reader.
P10-012	10	Explicit folder-selection foundation	completed	none	Add cancellation and bounded traversal.	config/folder-selection-foundation.json;scripts/inspect-folder-selection.py	Traversal is synchronous, has no background process, and fails immediately at deterministic resource ceilings; abandoning the call leaves no state.
P10-013	10	Explicit folder-selection foundation	completed	none	Add duplicate and hard-link handling.	scripts/inspect-folder-selection.py;scripts/test-folder-selection-foundation.py	Duplicate device/inode identities are rejected and a hard-link hostile case is covered where supported.
P10-014	10	Explicit folder-selection foundation	completed	none	Add change-during-scan detection.	scripts/inspect-folder-selection.py;scripts/test-folder-selection-foundation.py	Open-time type, size, and modification identity must match preview-time stat values.
P10-015	10	Explicit folder-selection foundation	completed	none	Add permission-error and disappearing-file recovery.	scripts/inspect-folder-selection.py;scripts/test-folder-selection-foundation.py	Read/stat/open errors are normalized into fail-closed errors and disappearing-file behavior is tested.
P10-016	10	Explicit folder-selection foundation	completed	none	Keep paths out of provider payloads and committed evidence.	scripts/inspect-folder-selection.py;docs/folder-selection-foundation.md	Results contain relative paths only, no provider call exists, and no machine path is committed.
P10-017	10	Explicit folder-selection foundation	completed	none	Add prompt-injection isolation.	config/folder-selection-foundation.json;scripts/test-folder-selection-foundation.py	Accepted content is explicitly labeled untrusted data, never instructions, and content is not returned by this foundation.
P10-018	10	Explicit folder-selection foundation	completed	none	Add memory-only cleanup tests.	scripts/test-folder-selection-foundation.py	Temporary fixtures are destroyed after each test and manifests contain no file content or persistent state.
P10-019	10	Explicit folder-selection foundation	completed	none	Add source/package exclusion tests.	scripts/test-folder-selection-foundation.py;package/haven42.spec	The development inspector and contract remain absent from the strict package allowlist.
P10-020	10	Explicit folder-selection foundation	completed	none	Keep background scanning, indexing, watching, persistence, and UI activation disabled.	config/folder-selection-foundation.json	All automatic scanning, persistence, provider, runtime, UI, network, modification, and package flags remain false.
P11-001	11	PDF, Office, and OpenDocument preparation	completed	none	Reconcile PDF candidate dependency and license evidence.	docs/restricted-parser-worker-foundation.md;docs/pdf-production-isolation.md;config/complex-document-semantic-review.json;scripts/test-complex-document-semantic-review.py	PDF and complex-document preparation is locally reconciled; unsupported semantics fail closed and all runtime/package admission remains false.
P11-002	11	PDF, Office, and OpenDocument preparation	completed	none	Extend Windows containment design and tests where safely possible.	docs/restricted-parser-worker-foundation.md;docs/pdf-production-isolation.md;config/complex-document-semantic-review.json;scripts/test-complex-document-semantic-review.py	PDF and complex-document preparation is locally reconciled; unsupported semantics fail closed and all runtime/package admission remains false.
P11-003	11	PDF, Office, and OpenDocument preparation	completed	none	Keep missing Linux and macOS isolation evidence explicit.	docs/restricted-parser-worker-foundation.md;docs/pdf-production-isolation.md;config/complex-document-semantic-review.json;scripts/test-complex-document-semantic-review.py	PDF and complex-document preparation is locally reconciled; unsupported semantics fail closed and all runtime/package admission remains false.
P11-004	11	PDF, Office, and OpenDocument preparation	completed	none	Prepare a non-synthetic hostile-corpus approval packet without downloading unapproved documents.	docs/restricted-parser-worker-foundation.md;docs/pdf-production-isolation.md;config/complex-document-semantic-review.json;scripts/test-complex-document-semantic-review.py	PDF and complex-document preparation is locally reconciled; unsupported semantics fail closed and all runtime/package admission remains false.
P11-005	11	PDF, Office, and OpenDocument preparation	completed	none	Strengthen PDF resource, action, attachment, reference, and encryption rejection.	docs/restricted-parser-worker-foundation.md;docs/pdf-production-isolation.md;config/complex-document-semantic-review.json;scripts/test-complex-document-semantic-review.py	PDF and complex-document preparation is locally reconciled; unsupported semantics fail closed and all runtime/package admission remains false.
P11-006	11	PDF, Office, and OpenDocument preparation	completed	none	Add package-exclusion and inactive-route checks.	docs/restricted-parser-worker-foundation.md;docs/pdf-production-isolation.md;config/complex-document-semantic-review.json;scripts/test-complex-document-semantic-review.py	PDF and complex-document preparation is locally reconciled; unsupported semantics fail closed and all runtime/package admission remains false.
P11-007	11	PDF, Office, and OpenDocument preparation	completed	none	Extend Office/OpenDocument relationship-ordering coverage.	docs/restricted-parser-worker-foundation.md;docs/pdf-production-isolation.md;config/complex-document-semantic-review.json;scripts/test-complex-document-semantic-review.py	PDF and complex-document preparation is locally reconciled; unsupported semantics fail closed and all runtime/package admission remains false.
P11-008	11	PDF, Office, and OpenDocument preparation	completed	none	Extend comment, note, header, footer, sheet, and slide provenance.	docs/restricted-parser-worker-foundation.md;docs/pdf-production-isolation.md;config/complex-document-semantic-review.json;scripts/test-complex-document-semantic-review.py	PDF and complex-document preparation is locally reconciled; unsupported semantics fail closed and all runtime/package admission remains false.
P11-009	11	PDF, Office, and OpenDocument preparation	completed	none	Extend tracked-change and formula rejection.	docs/restricted-parser-worker-foundation.md;docs/pdf-production-isolation.md;config/complex-document-semantic-review.json;scripts/test-complex-document-semantic-review.py	PDF and complex-document preparation is locally reconciled; unsupported semantics fail closed and all runtime/package admission remains false.
P11-010	11	PDF, Office, and OpenDocument preparation	completed	none	Add chart, drawing, and unsupported-object handling.	docs/restricted-parser-worker-foundation.md;docs/pdf-production-isolation.md;config/complex-document-semantic-review.json;scripts/test-complex-document-semantic-review.py	PDF and complex-document preparation is locally reconciled; unsupported semantics fail closed and all runtime/package admission remains false.
P11-011	11	PDF, Office, and OpenDocument preparation	completed	none	Add malformed shared-string and relationship cases.	docs/restricted-parser-worker-foundation.md;docs/pdf-production-isolation.md;config/complex-document-semantic-review.json;scripts/test-complex-document-semantic-review.py	PDF and complex-document preparation is locally reconciled; unsupported semantics fail closed and all runtime/package admission remains false.
P11-012	11	PDF, Office, and OpenDocument preparation	completed	none	Add more expansion, duplicate-entry, and encoded-link attacks.	docs/restricted-parser-worker-foundation.md;docs/pdf-production-isolation.md;config/complex-document-semantic-review.json;scripts/test-complex-document-semantic-review.py	PDF and complex-document preparation is locally reconciled; unsupported semantics fail closed and all runtime/package admission remains false.
P11-013	11	PDF, Office, and OpenDocument preparation	completed	none	Add deterministic cross-format output bounds.	docs/restricted-parser-worker-foundation.md;docs/pdf-production-isolation.md;config/complex-document-semantic-review.json;scripts/test-complex-document-semantic-review.py	PDF and complex-document preparation is locally reconciled; unsupported semantics fail closed and all runtime/package admission remains false.
P11-014	11	PDF, Office, and OpenDocument preparation	completed	none	Generate candidate dependency/SBOM/notices evidence where applicable.	docs/restricted-parser-worker-foundation.md;docs/pdf-production-isolation.md;config/complex-document-semantic-review.json;scripts/test-complex-document-semantic-review.py	PDF and complex-document preparation is locally reconciled; unsupported semantics fail closed and all runtime/package admission remains false.
P11-015	11	PDF, Office, and OpenDocument preparation	completed	none	Run local Windows source and package-exclusion parity.	docs/restricted-parser-worker-foundation.md;docs/pdf-production-isolation.md;config/complex-document-semantic-review.json;scripts/test-complex-document-semantic-review.py	PDF and complex-document preparation is locally reconciled; unsupported semantics fail closed and all runtime/package admission remains false.
P11-016	11	PDF, Office, and OpenDocument preparation	completed	none	Prepare Linux and macOS native parity packets.	docs/restricted-parser-worker-foundation.md;docs/pdf-production-isolation.md;config/complex-document-semantic-review.json;scripts/test-complex-document-semantic-review.py	PDF and complex-document preparation is locally reconciled; unsupported semantics fail closed and all runtime/package admission remains false.
P11-017	11	PDF, Office, and OpenDocument preparation	completed	none	Keep PDF, Office, and OpenDocument parsing absent from active routes and packages.	docs/restricted-parser-worker-foundation.md;docs/pdf-production-isolation.md;config/complex-document-semantic-review.json;scripts/test-complex-document-semantic-review.py	PDF and complex-document preparation is locally reconciled; unsupported semantics fail closed and all runtime/package admission remains false.
P12-001	12	Retrieval, embeddings, and knowledge-library preparation	completed	none	Harden deterministic lexical retrieval.	docs/retrieval-expansion-foundations.md;config/embedding-candidate-evaluation.json;config/persistent-knowledge-library-contract.json;scripts/test-retrieval-expansion-foundations.py	Lexical, embedding-candidate, and encrypted-library preparation is locally reconciled without downloads, persistence, runtime, or package admission.
P12-002	12	Retrieval, embeddings, and knowledge-library preparation	completed	none	Add duplicate-content and adversarial-ranking cases.	docs/retrieval-expansion-foundations.md;config/embedding-candidate-evaluation.json;config/persistent-knowledge-library-contract.json;scripts/test-retrieval-expansion-foundations.py	Lexical, embedding-candidate, and encrypted-library preparation is locally reconciled without downloads, persistence, runtime, or package admission.
P12-003	12	Retrieval, embeddings, and knowledge-library preparation	completed	none	Add source/chunk accounting and truncation parity tests.	docs/retrieval-expansion-foundations.md;config/embedding-candidate-evaluation.json;config/persistent-knowledge-library-contract.json;scripts/test-retrieval-expansion-foundations.py	Lexical, embedding-candidate, and encrypted-library preparation is locally reconciled without downloads, persistence, runtime, or package admission.
P12-004	12	Retrieval, embeddings, and knowledge-library preparation	completed	none	Add removal, failure, provider-change, and shutdown cleanup.	docs/retrieval-expansion-foundations.md;config/embedding-candidate-evaluation.json;config/persistent-knowledge-library-contract.json;scripts/test-retrieval-expansion-foundations.py	Lexical, embedding-candidate, and encrypted-library preparation is locally reconciled without downloads, persistence, runtime, or package admission.
P12-005	12	Retrieval, embeddings, and knowledge-library preparation	completed	none	Evaluate local embedding-model candidates by license, size, runtime, and hardware fit.	docs/retrieval-expansion-foundations.md;config/embedding-candidate-evaluation.json;config/persistent-knowledge-library-contract.json;scripts/test-retrieval-expansion-foundations.py	Lexical, embedding-candidate, and encrypted-library preparation is locally reconciled without downloads, persistence, runtime, or package admission.
P12-006	12	Retrieval, embeddings, and knowledge-library preparation	completed	none	Define embedding consent, storage, cleanup, and versioning contracts.	docs/retrieval-expansion-foundations.md;config/embedding-candidate-evaluation.json;config/persistent-knowledge-library-contract.json;scripts/test-retrieval-expansion-foundations.py	Lexical, embedding-candidate, and encrypted-library preparation is locally reconciled without downloads, persistence, runtime, or package admission.
P12-007	12	Retrieval, embeddings, and knowledge-library preparation	completed	none	Keep embeddings inactive and download-free.	docs/retrieval-expansion-foundations.md;config/embedding-candidate-evaluation.json;config/persistent-knowledge-library-contract.json;scripts/test-retrieval-expansion-foundations.py	Lexical, embedding-candidate, and encrypted-library preparation is locally reconciled without downloads, persistence, runtime, or package admission.
P12-008	12	Retrieval, embeddings, and knowledge-library preparation	completed	none	Define encrypted persistent-library architecture.	docs/retrieval-expansion-foundations.md;config/embedding-candidate-evaluation.json;config/persistent-knowledge-library-contract.json;scripts/test-retrieval-expansion-foundations.py	Lexical, embedding-candidate, and encrypted-library preparation is locally reconciled without downloads, persistence, runtime, or package admission.
P12-009	12	Retrieval, embeddings, and knowledge-library preparation	completed	none	Define schema/version migration and corruption recovery.	docs/retrieval-expansion-foundations.md;config/embedding-candidate-evaluation.json;config/persistent-knowledge-library-contract.json;scripts/test-retrieval-expansion-foundations.py	Lexical, embedding-candidate, and encrypted-library preparation is locally reconciled without downloads, persistence, runtime, or package admission.
P12-010	12	Retrieval, embeddings, and knowledge-library preparation	completed	none	Define deletion, export, backup, restore, and uninstall semantics.	docs/retrieval-expansion-foundations.md;config/embedding-candidate-evaluation.json;config/persistent-knowledge-library-contract.json;scripts/test-retrieval-expansion-foundations.py	Lexical, embedding-candidate, and encrypted-library preparation is locally reconciled without downloads, persistence, runtime, or package admission.
P12-011	12	Retrieval, embeddings, and knowledge-library preparation	completed	none	Define multi-user and filesystem-permission exclusions.	docs/retrieval-expansion-foundations.md;config/embedding-candidate-evaluation.json;config/persistent-knowledge-library-contract.json;scripts/test-retrieval-expansion-foundations.py	Lexical, embedding-candidate, and encrypted-library preparation is locally reconciled without downloads, persistence, runtime, or package admission.
P12-012	12	Retrieval, embeddings, and knowledge-library preparation	completed	none	Keep the persistent knowledge library inactive.	docs/retrieval-expansion-foundations.md;config/embedding-candidate-evaluation.json;config/persistent-knowledge-library-contract.json;scripts/test-retrieval-expansion-foundations.py	Lexical, embedding-candidate, and encrypted-library preparation is locally reconciled without downloads, persistence, runtime, or package admission.
P13-001	13	Controlled web research	completed	none	Evaluate candidate search providers without selecting or configuring credentials.	docs/controlled-web-research-foundation.md;config/web-research-approval-lifecycle.json;scripts/test-offline-research-transport-guard.py;scripts/test-offline-research-approval-state.py	Controlled-research preparation is locally reconciled through effect-free guards; no live provider, DNS, network, UI, credential, or package authority exists.
P13-002	13	Controlled web research	completed	none	Define a provider-neutral transport interface.	docs/controlled-web-research-foundation.md;config/web-research-approval-lifecycle.json;scripts/test-offline-research-transport-guard.py;scripts/test-offline-research-approval-state.py	Controlled-research preparation is locally reconciled through effect-free guards; no live provider, DNS, network, UI, credential, or package authority exists.
P13-003	13	Controlled web research	completed	none	Implement an injected-transport query adapter behind a disabled development gate.	docs/controlled-web-research-foundation.md;config/web-research-approval-lifecycle.json;scripts/test-offline-research-transport-guard.py;scripts/test-offline-research-approval-state.py	Controlled-research preparation is locally reconciled through effect-free guards; no live provider, DNS, network, UI, credential, or package authority exists.
P13-004	13	Controlled web research	completed	none	Send only the explicitly approved bounded query.	docs/controlled-web-research-foundation.md;config/web-research-approval-lifecycle.json;scripts/test-offline-research-transport-guard.py;scripts/test-offline-research-approval-state.py	Controlled-research preparation is locally reconciled through effect-free guards; no live provider, DNS, network, UI, credential, or package authority exists.
P13-005	13	Controlled web research	completed	none	Reject conversation, document, path, endpoint, and hardware-data leakage.	docs/controlled-web-research-foundation.md;config/web-research-approval-lifecycle.json;scripts/test-offline-research-transport-guard.py;scripts/test-offline-research-approval-state.py	Controlled-research preparation is locally reconciled through effect-free guards; no live provider, DNS, network, UI, credential, or package authority exists.
P13-006	13	Controlled web research	completed	none	Add strict provider result parsing.	docs/controlled-web-research-foundation.md;config/web-research-approval-lifecycle.json;scripts/test-offline-research-transport-guard.py;scripts/test-offline-research-approval-state.py	Controlled-research preparation is locally reconciled through effect-free guards; no live provider, DNS, network, UI, credential, or package authority exists.
P13-007	13	Controlled web research	completed	none	Add DNS and IP-class validation.	docs/controlled-web-research-foundation.md;config/web-research-approval-lifecycle.json;scripts/test-offline-research-transport-guard.py;scripts/test-offline-research-approval-state.py	Controlled-research preparation is locally reconciled through effect-free guards; no live provider, DNS, network, UI, credential, or package authority exists.
P13-008	13	Controlled web research	completed	none	Add DNS-rebinding protection.	docs/controlled-web-research-foundation.md;config/web-research-approval-lifecycle.json;scripts/test-offline-research-transport-guard.py;scripts/test-offline-research-approval-state.py	Controlled-research preparation is locally reconciled through effect-free guards; no live provider, DNS, network, UI, credential, or package authority exists.
P13-009	13	Controlled web research	completed	none	Add redirect revalidation.	docs/controlled-web-research-foundation.md;config/web-research-approval-lifecycle.json;scripts/test-offline-research-transport-guard.py;scripts/test-offline-research-approval-state.py	Controlled-research preparation is locally reconciled through effect-free guards; no live provider, DNS, network, UI, credential, or package authority exists.
P13-010	13	Controlled web research	completed	none	Reject credentials, custom ports, fragments, and unsafe schemes.	docs/controlled-web-research-foundation.md;config/web-research-approval-lifecycle.json;scripts/test-offline-research-transport-guard.py;scripts/test-offline-research-approval-state.py	Controlled-research preparation is locally reconciled through effect-free guards; no live provider, DNS, network, UI, credential, or package authority exists.
P13-011	13	Controlled web research	completed	none	Add response byte, time, encoding, and decompression limits.	docs/controlled-web-research-foundation.md;config/web-research-approval-lifecycle.json;scripts/test-offline-research-transport-guard.py;scripts/test-offline-research-approval-state.py	Controlled-research preparation is locally reconciled through effect-free guards; no live provider, DNS, network, UI, credential, or package authority exists.
P13-012	13	Controlled web research	completed	none	Allowlist inert textual content types.	docs/controlled-web-research-foundation.md;config/web-research-approval-lifecycle.json;scripts/test-offline-research-transport-guard.py;scripts/test-offline-research-approval-state.py	Controlled-research preparation is locally reconciled through effect-free guards; no live provider, DNS, network, UI, credential, or package authority exists.
P13-013	13	Controlled web research	completed	none	Add safe text and HTML extraction without page execution.	docs/controlled-web-research-foundation.md;config/web-research-approval-lifecycle.json;scripts/test-offline-research-transport-guard.py;scripts/test-offline-research-approval-state.py	Controlled-research preparation is locally reconciled through effect-free guards; no live provider, DNS, network, UI, credential, or package authority exists.
P13-014	13	Controlled web research	completed	none	Reject scripts, frames, styles, media, downloads, cookies, and tracking.	docs/controlled-web-research-foundation.md;config/web-research-approval-lifecycle.json;scripts/test-offline-research-transport-guard.py;scripts/test-offline-research-approval-state.py	Controlled-research preparation is locally reconciled through effect-free guards; no live provider, DNS, network, UI, credential, or package authority exists.
P13-015	13	Controlled web research	completed	none	Add prompt-injection isolation.	docs/controlled-web-research-foundation.md;config/web-research-approval-lifecycle.json;scripts/test-offline-research-transport-guard.py;scripts/test-offline-research-approval-state.py	Controlled-research preparation is locally reconciled through effect-free guards; no live provider, DNS, network, UI, credential, or package authority exists.
P13-016	13	Controlled web research	completed	none	Add exact retrieval-time and source accounting.	docs/controlled-web-research-foundation.md;config/web-research-approval-lifecycle.json;scripts/test-offline-research-transport-guard.py;scripts/test-offline-research-approval-state.py	Controlled-research preparation is locally reconciled through effect-free guards; no live provider, DNS, network, UI, credential, or package authority exists.
P13-017	13	Controlled web research	completed	none	Add trusted citation objects.	docs/controlled-web-research-foundation.md;config/web-research-approval-lifecycle.json;scripts/test-offline-research-transport-guard.py;scripts/test-offline-research-approval-state.py	Controlled-research preparation is locally reconciled through effect-free guards; no live provider, DNS, network, UI, credential, or package authority exists.
P13-018	13	Controlled web research	completed	none	Add destination disclosure.	docs/controlled-web-research-foundation.md;config/web-research-approval-lifecycle.json;scripts/test-offline-research-transport-guard.py;scripts/test-offline-research-approval-state.py	Controlled-research preparation is locally reconciled through effect-free guards; no live provider, DNS, network, UI, credential, or package authority exists.
P13-019	13	Controlled web research	completed	none	Prevent model-supplied active links.	docs/controlled-web-research-foundation.md;config/web-research-approval-lifecycle.json;scripts/test-offline-research-transport-guard.py;scripts/test-offline-research-approval-state.py	Controlled-research preparation is locally reconciled through effect-free guards; no live provider, DNS, network, UI, credential, or package authority exists.
P13-020	13	Controlled web research	completed	none	Add cited synthesis using only approved source envelopes.	docs/controlled-web-research-foundation.md;config/web-research-approval-lifecycle.json;scripts/test-offline-research-transport-guard.py;scripts/test-offline-research-approval-state.py	Controlled-research preparation is locally reconciled through effect-free guards; no live provider, DNS, network, UI, credential, or package authority exists.
P13-021	13	Controlled web research	completed	none	Reject unsupported or uncited claims.	docs/controlled-web-research-foundation.md;config/web-research-approval-lifecycle.json;scripts/test-offline-research-transport-guard.py;scripts/test-offline-research-approval-state.py	Controlled-research preparation is locally reconciled through effect-free guards; no live provider, DNS, network, UI, credential, or package authority exists.
P13-022	13	Controlled web research	completed	none	Prevent autonomous follow-up searches.	docs/controlled-web-research-foundation.md;config/web-research-approval-lifecycle.json;scripts/test-offline-research-transport-guard.py;scripts/test-offline-research-approval-state.py	Controlled-research preparation is locally reconciled through effect-free guards; no live provider, DNS, network, UI, credential, or package authority exists.
P13-023	13	Controlled web research	completed	none	Add per-query and per-page approval state.	docs/controlled-web-research-foundation.md;config/web-research-approval-lifecycle.json;scripts/test-offline-research-transport-guard.py;scripts/test-offline-research-approval-state.py	Controlled-research preparation is locally reconciled through effect-free guards; no live provider, DNS, network, UI, credential, or package authority exists.
P13-024	13	Controlled web research	completed	none	Add cancellation and cleanup.	docs/controlled-web-research-foundation.md;config/web-research-approval-lifecycle.json;scripts/test-offline-research-transport-guard.py;scripts/test-offline-research-approval-state.py	Controlled-research preparation is locally reconciled through effect-free guards; no live provider, DNS, network, UI, credential, or package authority exists.
P13-025	13	Controlled web research	completed	none	Add memory-only lifecycle handling.	docs/controlled-web-research-foundation.md;config/web-research-approval-lifecycle.json;scripts/test-offline-research-transport-guard.py;scripts/test-offline-research-approval-state.py	Controlled-research preparation is locally reconciled through effect-free guards; no live provider, DNS, network, UI, credential, or package authority exists.
P13-026	13	Controlled web research	completed	none	Add hostile local-server tests.	docs/controlled-web-research-foundation.md;config/web-research-approval-lifecycle.json;scripts/test-offline-research-transport-guard.py;scripts/test-offline-research-approval-state.py	Controlled-research preparation is locally reconciled through effect-free guards; no live provider, DNS, network, UI, credential, or package authority exists.
P13-027	13	Controlled web research	completed	none	Add SSRF, redirect, malformed-response, oversized-content, and citation-forgery tests.	docs/controlled-web-research-foundation.md;config/web-research-approval-lifecycle.json;scripts/test-offline-research-transport-guard.py;scripts/test-offline-research-approval-state.py	Controlled-research preparation is locally reconciled through effect-free guards; no live provider, DNS, network, UI, credential, or package authority exists.
P13-028	13	Controlled web research	completed	none	Add self-hosted-provider contract preparation.	docs/controlled-web-research-foundation.md;config/web-research-approval-lifecycle.json;scripts/test-offline-research-transport-guard.py;scripts/test-offline-research-approval-state.py	Controlled-research preparation is locally reconciled through effect-free guards; no live provider, DNS, network, UI, credential, or package authority exists.
P13-029	13	Controlled web research	completed	none	Add bounded multi-query budget preparation without activating it.	docs/controlled-web-research-foundation.md;config/web-research-approval-lifecycle.json;scripts/test-offline-research-transport-guard.py;scripts/test-offline-research-approval-state.py	Controlled-research preparation is locally reconciled through effect-free guards; no live provider, DNS, network, UI, credential, or package authority exists.
P13-030	13	Controlled web research	completed	none	Add source/package exclusion and parity tests.	docs/controlled-web-research-foundation.md;config/web-research-approval-lifecycle.json;scripts/test-offline-research-transport-guard.py;scripts/test-offline-research-approval-state.py	Controlled-research preparation is locally reconciled through effect-free guards; no live provider, DNS, network, UI, credential, or package authority exists.
P13-031	13	Controlled web research	completed	none	Prepare any UI changes behind a disabled gate.	docs/controlled-web-research-foundation.md;config/web-research-approval-lifecycle.json;scripts/test-offline-research-transport-guard.py;scripts/test-offline-research-approval-state.py	Controlled-research preparation is locally reconciled through effect-free guards; no live provider, DNS, network, UI, credential, or package authority exists.
P13-032	13	Controlled web research	completed	none	Hold all UI changes uncommitted until your visual review.	docs/controlled-web-research-foundation.md;config/web-research-approval-lifecycle.json;scripts/test-offline-research-transport-guard.py;scripts/test-offline-research-approval-state.py	Controlled-research preparation is locally reconciled through effect-free guards; no live provider, DNS, network, UI, credential, or package authority exists.
P13-033	13	Controlled web research	completed	none	Do not activate a real provider or store credentials.	docs/controlled-web-research-foundation.md;config/web-research-approval-lifecycle.json;scripts/test-offline-research-transport-guard.py;scripts/test-offline-research-approval-state.py	Controlled-research preparation is locally reconciled through effect-free guards; no live provider, DNS, network, UI, credential, or package authority exists.
P14-001	14	Public real-repository validation	completed	none	Select several small permissively licensed public repositories.	docs/public-repository-validation-candidates.md;config/public-repository-structure-validation.json;scripts/test-public-repository-structure-validation.py	Three pinned permissive bare repositories passed content-free read-only structure validation; no target execution, write, upstream contact, or promotion occurred.
P14-002	14	Public real-repository validation	completed	none	Pin each repository to an immutable commit.	docs/public-repository-validation-candidates.md;config/public-repository-structure-validation.json;scripts/test-public-repository-structure-validation.py	Three pinned permissive bare repositories passed content-free read-only structure validation; no target execution, write, upstream contact, or promotion occurred.
P14-003	14	Public real-repository validation	completed	none	Record repository license and provenance.	docs/public-repository-validation-candidates.md;config/public-repository-structure-validation.json;scripts/test-public-repository-structure-validation.py	Three pinned permissive bare repositories passed content-free read-only structure validation; no target execution, write, upstream contact, or promotion occurred.
P14-004	14	Public real-repository validation	completed	none	Store clones only under ignored review storage.	docs/public-repository-validation-candidates.md;config/public-repository-structure-validation.json;scripts/test-public-repository-structure-validation.py	Three pinned permissive bare repositories passed content-free read-only structure validation; no target execution, write, upstream contact, or promotion occurred.
P14-005	14	Public real-repository validation	completed	none	Run read-only project detection.	docs/public-repository-validation-candidates.md;config/public-repository-structure-validation.json;scripts/test-public-repository-structure-validation.py	Three pinned permissive bare repositories passed content-free read-only structure validation; no target execution, write, upstream contact, or promotion occurred.
P14-006	14	Public real-repository validation	completed	none	Run read-only runtime-context generation.	docs/public-repository-validation-candidates.md;config/public-repository-structure-validation.json;scripts/test-public-repository-structure-validation.py	Three pinned permissive bare repositories passed content-free read-only structure validation; no target execution, write, upstream contact, or promotion occurred.
P14-007	14	Public real-repository validation	completed	none	Run deterministic workflow selection.	docs/public-repository-validation-candidates.md;config/public-repository-structure-validation.json;scripts/test-public-repository-structure-validation.py	Three pinned permissive bare repositories passed content-free read-only structure validation; no target execution, write, upstream contact, or promotion occurred.
P14-008	14	Public real-repository validation	completed	none	Run language-rule selection.	docs/public-repository-validation-candidates.md;config/public-repository-structure-validation.json;scripts/test-public-repository-structure-validation.py	Three pinned permissive bare repositories passed content-free read-only structure validation; no target execution, write, upstream contact, or promotion occurred.
P14-009	14	Public real-repository validation	completed	none	Run context and output-boundary checks.	docs/public-repository-validation-candidates.md;config/public-repository-structure-validation.json;scripts/test-public-repository-structure-validation.py	Three pinned permissive bare repositories passed content-free read-only structure validation; no target execution, write, upstream contact, or promotion occurred.
P14-010	14	Public real-repository validation	completed	none	Run supported-language workflow fixtures against real repository structures.	docs/public-repository-validation-candidates.md;config/public-repository-structure-validation.json;scripts/test-public-repository-structure-validation.py	Three pinned permissive bare repositories passed content-free read-only structure validation; no target execution, write, upstream contact, or promotion occurred.
P14-011	14	Public real-repository validation	completed	none	Confirm no repository files are modified.	docs/public-repository-validation-candidates.md;config/public-repository-structure-validation.json;scripts/test-public-repository-structure-validation.py	Three pinned permissive bare repositories passed content-free read-only structure validation; no target execution, write, upstream contact, or promotion occurred.
P14-012	14	Public real-repository validation	completed	none	Confirm no external processes or approved-write operations are invoked.	docs/public-repository-validation-candidates.md;config/public-repository-structure-validation.json;scripts/test-public-repository-structure-validation.py	Three pinned permissive bare repositories passed content-free read-only structure validation; no target execution, write, upstream contact, or promotion occurred.
P14-013	14	Public real-repository validation	completed	none	Sanitize all evidence.	docs/public-repository-validation-candidates.md;config/public-repository-structure-validation.json;scripts/test-public-repository-structure-validation.py	Three pinned permissive bare repositories passed content-free read-only structure validation; no target execution, write, upstream contact, or promotion occurred.
P14-014	14	Public real-repository validation	completed	none	Convert repeated failures into code, rule, or documentation fixes.	docs/public-repository-validation-candidates.md;config/public-repository-structure-validation.json;scripts/test-public-repository-structure-validation.py	Three pinned permissive bare repositories passed content-free read-only structure validation; no target execution, write, upstream contact, or promotion occurred.
P14-015	14	Public real-repository validation	completed	none	Add remediation templates only for failures that actually recur.	docs/public-repository-validation-candidates.md;config/public-repository-structure-validation.json;scripts/test-public-repository-structure-validation.py	Three pinned permissive bare repositories passed content-free read-only structure validation; no target execution, write, upstream contact, or promotion occurred.
P14-016	14	Public real-repository validation	completed	none	Do not contact upstream projects, open issues, create forks, or push branches.	docs/public-repository-validation-candidates.md;config/public-repository-structure-validation.json;scripts/test-public-repository-structure-validation.py	Three pinned permissive bare repositories passed content-free read-only structure validation; no target execution, write, upstream contact, or promotion occurred.
P15-001	15	Additional agent-surface profiles	completed	none	Review existing Continue, Aider, and OpenCode evidence.	docs/agent-surface-options.md;config/agent-surface-candidate-lifecycle.json;scripts/test-agent-surface-candidate-plan.py	Aider and OpenCode candidate plans are exact-version, injection-tested, dry-run-only, and unpromoted.
P15-002	15	Additional agent-surface profiles	completed	none	Reconcile non-Continue gaps found by public-repository validation.	docs/agent-surface-options.md;config/agent-surface-candidate-lifecycle.json;scripts/test-agent-surface-candidate-plan.py	Aider and OpenCode candidate plans are exact-version, injection-tested, dry-run-only, and unpromoted.
P15-003	15	Additional agent-surface profiles	completed	none	Add candidate install/configuration profiles only where evidence supports them.	docs/agent-surface-options.md;config/agent-surface-candidate-lifecycle.json;scripts/test-agent-surface-candidate-plan.py	Aider and OpenCode candidate plans are exact-version, injection-tested, dry-run-only, and unpromoted.
P15-004	15	Additional agent-surface profiles	completed	none	Add exact executable and version discovery.	docs/agent-surface-options.md;config/agent-surface-candidate-lifecycle.json;scripts/test-agent-surface-candidate-plan.py	Aider and OpenCode candidate plans are exact-version, injection-tested, dry-run-only, and unpromoted.
P15-005	15	Additional agent-surface profiles	completed	none	Add safe configuration-path handling.	docs/agent-surface-options.md;config/agent-surface-candidate-lifecycle.json;scripts/test-agent-surface-candidate-plan.py	Aider and OpenCode candidate plans are exact-version, injection-tested, dry-run-only, and unpromoted.
P15-006	15	Additional agent-surface profiles	completed	none	Add dry-run generation.	docs/agent-surface-options.md;config/agent-surface-candidate-lifecycle.json;scripts/test-agent-surface-candidate-plan.py	Aider and OpenCode candidate plans are exact-version, injection-tested, dry-run-only, and unpromoted.
P15-007	15	Additional agent-surface profiles	completed	none	Add rollback and cleanup planning.	docs/agent-surface-options.md;config/agent-surface-candidate-lifecycle.json;scripts/test-agent-surface-candidate-plan.py	Aider and OpenCode candidate plans are exact-version, injection-tested, dry-run-only, and unpromoted.
P15-008	15	Additional agent-surface profiles	completed	none	Add command/argument injection tests.	docs/agent-surface-options.md;config/agent-surface-candidate-lifecycle.json;scripts/test-agent-surface-candidate-plan.py	Aider and OpenCode candidate plans are exact-version, injection-tested, dry-run-only, and unpromoted.
P15-009	15	Additional agent-surface profiles	completed	none	Add path, environment, and credential-leak tests.	docs/agent-surface-options.md;config/agent-surface-candidate-lifecycle.json;scripts/test-agent-surface-candidate-plan.py	Aider and OpenCode candidate plans are exact-version, injection-tested, dry-run-only, and unpromoted.
P15-010	15	Additional agent-surface profiles	completed	none	Add cross-surface configuration parity.	docs/agent-surface-options.md;config/agent-surface-candidate-lifecycle.json;scripts/test-agent-surface-candidate-plan.py	Aider and OpenCode candidate plans are exact-version, injection-tested, dry-run-only, and unpromoted.
P15-011	15	Additional agent-surface profiles	completed	none	Keep profiles candidate-only.	docs/agent-surface-options.md;config/agent-surface-candidate-lifecycle.json;scripts/test-agent-surface-candidate-plan.py	Aider and OpenCode candidate plans are exact-version, injection-tested, dry-run-only, and unpromoted.
P15-012	15	Additional agent-surface profiles	completed	none	Do not perform global installation or approved-write validation.	docs/agent-surface-options.md;config/agent-surface-candidate-lifecycle.json;scripts/test-agent-surface-candidate-plan.py	Aider and OpenCode candidate plans are exact-version, injection-tested, dry-run-only, and unpromoted.
P15-013	15	Additional agent-surface profiles	completed	none	Keep unvalidated surfaces outside active product recommendations.	docs/agent-surface-options.md;config/agent-surface-candidate-lifecycle.json;scripts/test-agent-surface-candidate-plan.py	Aider and OpenCode candidate plans are exact-version, injection-tested, dry-run-only, and unpromoted.
P16-001	16	Documentation and wiki reconciliation	completed	none	Update README without returning it to an oversized engineering document.	README.md;PROJECT.md;ROADMAP.md;TODO.md;CHANGELOG.md;docs/wiki-documentation-index.md;config/wiki-sync.tsv	End-user and engineering documentation, status, roadmap, evidence, lifecycle, test, and wiki-source records are synchronized locally without a production claim.
P16-002	16	Documentation and wiki reconciliation	completed	none	Update architecture boundaries and diagrams.	README.md;PROJECT.md;ROADMAP.md;TODO.md;CHANGELOG.md;docs/wiki-documentation-index.md;config/wiki-sync.tsv	End-user and engineering documentation, status, roadmap, evidence, lifecycle, test, and wiki-source records are synchronized locally without a production claim.
P16-003	16	Documentation and wiki reconciliation	completed	none	Update security threat model.	README.md;PROJECT.md;ROADMAP.md;TODO.md;CHANGELOG.md;docs/wiki-documentation-index.md;config/wiki-sync.tsv	End-user and engineering documentation, status, roadmap, evidence, lifecycle, test, and wiki-source records are synchronized locally without a production claim.
P16-004	16	Documentation and wiki reconciliation	completed	none	Update privacy and local-data lifecycle documentation.	README.md;PROJECT.md;ROADMAP.md;TODO.md;CHANGELOG.md;docs/wiki-documentation-index.md;config/wiki-sync.tsv	End-user and engineering documentation, status, roadmap, evidence, lifecycle, test, and wiki-source records are synchronized locally without a production claim.
P16-005	16	Documentation and wiki reconciliation	completed	none	Update package and supply-chain documentation.	README.md;PROJECT.md;ROADMAP.md;TODO.md;CHANGELOG.md;docs/wiki-documentation-index.md;config/wiki-sync.tsv	End-user and engineering documentation, status, roadmap, evidence, lifecycle, test, and wiki-source records are synchronized locally without a production claim.
P16-006	16	Documentation and wiki reconciliation	completed	none	Update installer and updater documentation.	README.md;PROJECT.md;ROADMAP.md;TODO.md;CHANGELOG.md;docs/wiki-documentation-index.md;config/wiki-sync.tsv	End-user and engineering documentation, status, roadmap, evidence, lifecycle, test, and wiki-source records are synchronized locally without a production claim.
P16-007	16	Documentation and wiki reconciliation	completed	none	Update image-provider documentation.	README.md;PROJECT.md;ROADMAP.md;TODO.md;CHANGELOG.md;docs/wiki-documentation-index.md;config/wiki-sync.tsv	End-user and engineering documentation, status, roadmap, evidence, lifecycle, test, and wiki-source records are synchronized locally without a production claim.
P16-008	16	Documentation and wiki reconciliation	completed	none	Update audio/video candidate documentation.	README.md;PROJECT.md;ROADMAP.md;TODO.md;CHANGELOG.md;docs/wiki-documentation-index.md;config/wiki-sync.tsv	End-user and engineering documentation, status, roadmap, evidence, lifecycle, test, and wiki-source records are synchronized locally without a production claim.
P16-009	16	Documentation and wiki reconciliation	completed	none	Update quantization documentation.	README.md;PROJECT.md;ROADMAP.md;TODO.md;CHANGELOG.md;docs/wiki-documentation-index.md;config/wiki-sync.tsv	End-user and engineering documentation, status, roadmap, evidence, lifecycle, test, and wiki-source records are synchronized locally without a production claim.
P16-010	16	Documentation and wiki reconciliation	completed	none	Update history and folder-selection documentation.	README.md;PROJECT.md;ROADMAP.md;TODO.md;CHANGELOG.md;docs/wiki-documentation-index.md;config/wiki-sync.tsv	End-user and engineering documentation, status, roadmap, evidence, lifecycle, test, and wiki-source records are synchronized locally without a production claim.
P16-011	16	Documentation and wiki reconciliation	completed	none	Update PDF/Office/OpenDocument documentation.	README.md;PROJECT.md;ROADMAP.md;TODO.md;CHANGELOG.md;docs/wiki-documentation-index.md;config/wiki-sync.tsv	End-user and engineering documentation, status, roadmap, evidence, lifecycle, test, and wiki-source records are synchronized locally without a production claim.
P16-012	16	Documentation and wiki reconciliation	completed	none	Update controlled web-research documentation.	README.md;PROJECT.md;ROADMAP.md;TODO.md;CHANGELOG.md;docs/wiki-documentation-index.md;config/wiki-sync.tsv	End-user and engineering documentation, status, roadmap, evidence, lifecycle, test, and wiki-source records are synchronized locally without a production claim.
P16-013	16	Documentation and wiki reconciliation	completed	none	Update contributor and test guidance.	README.md;PROJECT.md;ROADMAP.md;TODO.md;CHANGELOG.md;docs/wiki-documentation-index.md;config/wiki-sync.tsv	End-user and engineering documentation, status, roadmap, evidence, lifecycle, test, and wiki-source records are synchronized locally without a production claim.
P16-014	16	Documentation and wiki reconciliation	completed	none	Update roadmap stage summaries.	README.md;PROJECT.md;ROADMAP.md;TODO.md;CHANGELOG.md;docs/wiki-documentation-index.md;config/wiki-sync.tsv	End-user and engineering documentation, status, roadmap, evidence, lifecycle, test, and wiki-source records are synchronized locally without a production claim.
P16-015	16	Documentation and wiki reconciliation	completed	none	Update TODO checklist details.	README.md;PROJECT.md;ROADMAP.md;TODO.md;CHANGELOG.md;docs/wiki-documentation-index.md;config/wiki-sync.tsv	End-user and engineering documentation, status, roadmap, evidence, lifecycle, test, and wiki-source records are synchronized locally without a production claim.
P16-016	16	Documentation and wiki reconciliation	completed	none	Update project status.	README.md;PROJECT.md;ROADMAP.md;TODO.md;CHANGELOG.md;docs/wiki-documentation-index.md;config/wiki-sync.tsv	End-user and engineering documentation, status, roadmap, evidence, lifecycle, test, and wiki-source records are synchronized locally without a production claim.
P16-017	16	Documentation and wiki reconciliation	completed	none	Update changelog if the batch warrants it.	README.md;PROJECT.md;ROADMAP.md;TODO.md;CHANGELOG.md;docs/wiki-documentation-index.md;config/wiki-sync.tsv	End-user and engineering documentation, status, roadmap, evidence, lifecycle, test, and wiki-source records are synchronized locally without a production claim.
P16-018	16	Documentation and wiki reconciliation	completed	none	Add or update evidence-catalog entries.	README.md;PROJECT.md;ROADMAP.md;TODO.md;CHANGELOG.md;docs/wiki-documentation-index.md;config/wiki-sync.tsv	End-user and engineering documentation, status, roadmap, evidence, lifecycle, test, and wiki-source records are synchronized locally without a production claim.
P16-019	16	Documentation and wiki reconciliation	completed	none	Synchronize all mapped wiki source pages locally.	README.md;PROJECT.md;ROADMAP.md;TODO.md;CHANGELOG.md;docs/wiki-documentation-index.md;config/wiki-sync.tsv	End-user and engineering documentation, status, roadmap, evidence, lifecycle, test, and wiki-source records are synchronized locally without a production claim.
P16-020	16	Documentation and wiki reconciliation	completed	none	Validate wiki formatting and internal links.	README.md;PROJECT.md;ROADMAP.md;TODO.md;CHANGELOG.md;docs/wiki-documentation-index.md;config/wiki-sync.tsv	End-user and engineering documentation, status, roadmap, evidence, lifecycle, test, and wiki-source records are synchronized locally without a production claim.
P16-021	16	Documentation and wiki reconciliation	completed	none	Keep end-user pages separate from engineering evidence.	README.md;PROJECT.md;ROADMAP.md;TODO.md;CHANGELOG.md;docs/wiki-documentation-index.md;config/wiki-sync.tsv	End-user and engineering documentation, status, roadmap, evidence, lifecycle, test, and wiki-source records are synchronized locally without a production claim.
P16-022	16	Documentation and wiki reconciliation	completed	none	Avoid production, security-clearance, or redistribution claims.	README.md;PROJECT.md;ROADMAP.md;TODO.md;CHANGELOG.md;docs/wiki-documentation-index.md;config/wiki-sync.tsv	End-user and engineering documentation, status, roadmap, evidence, lifecycle, test, and wiki-source records are synchronized locally without a production claim.
P17-001	17	Security and validation gate	completed	none	Perform a security review for every new component.	docs/security-threat-model.md;scripts/test-pack.ps1	Component-by-component security boundaries were reviewed and the full security gate passed.
P17-002	17	Security and validation gate	completed	none	Review filesystem boundaries.	scripts/test-folder-selection-foundation.py;scripts/test-offline-installer-lifecycle.py	Filesystem roots, traversal, links, reparse points, collision, and exclusive-write boundaries passed focused hostile tests.
P17-003	17	Security and validation gate	completed	none	Review process boundaries.	scripts/test-local-image-provider-process-lifecycle.py;scripts/test-pack.ps1	Process creation, ownership, cleanup, shutdown, and unrelated-process protections passed focused tests.
P17-004	17	Security and validation gate	completed	none	Review network boundaries.	scripts/test-offline-research-transport-guard.py;scripts/test-haven42-web.py	Loopback, fixed-destination, DNS receipt, redirect, rebinding, and no-network inactive boundaries passed.
P17-005	17	Security and validation gate	completed	none	Review parser and serialization boundaries.	scripts/test-complex-document-semantic-review.py;scripts/test-offline-research-approval-state.py	Hostile archive, document, JSON, URL, receipt, and lifecycle inputs fail closed under focused tests.
P17-006	17	Security and validation gate	completed	none	Review credential and privacy boundaries.	scripts/verify-public-repository-privacy.py;docs/security-threat-model.md	Credential patterns, private endpoints, local paths, and pending-file privacy boundaries passed the complete scan.
P17-007	17	Security and validation gate	completed	none	Review dependency and supply-chain boundaries.	scripts/test-package-dependency-admission.py;scripts/verify-portable-development-artifacts.py	Exact dependency locks, resource coverage, notices, SBOM, provenance, and non-admitted ecosystem boundaries passed.
P17-008	17	Security and validation gate	completed	none	Run all new hostile unit tests.	scripts/test-pack.ps1	All new hostile suites passed individually and in the complete local gate.
P17-009	17	Security and validation gate	completed	none	Run targeted subsystem tests while developing.	scripts/test-pack.ps1;docs/test-tiers.md	Subsystem spot tests were run after each implementation phase before the final full gate.
P17-010	17	Security and validation gate	completed	none	Run Python syntax and static checks.	scripts/test-pack.ps1;docs/test-tiers.md	All 148 Python files compiled and static import and dangerous-API reviews passed.
P17-011	17	Security and validation gate	completed	none	Run PowerShell 5.1 compatibility checks.	scripts/test-powershell-compatibility.ps1;scripts/PowerShellCompatibility.psm1	All tracked PowerShell files parsed under Windows PowerShell 5.1 and the 119-test Full gate passed under 5.1.
P17-012	17	Security and validation gate	completed	none	Run PowerShell 7 compatibility checks.	scripts/test-powershell-compatibility.ps1;scripts/PowerShellCompatibility.psm1	All tracked PowerShell files parsed and the hardware-profile smoke passed under PowerShell 7.6.3.
P17-013	17	Security and validation gate	completed	none	Run Bash syntax and portability checks.	scripts/test-pack.shared.sh;docs/test-tiers.md	All shared shell scripts passed Bash syntax checks and native portability contracts.
P17-014	17	Security and validation gate	completed	none	Run local web security tests.	scripts/test-haven42-web.py;scripts/test-pack.ps1	The local-web suite passed 329 loopback, lifecycle, attachment, research-boundary, and behavior checks.
P17-015	17	Security and validation gate	completed	none	Run browser UI tests for any hidden research controls.	scripts/test-haven42-web-browser.mjs;scripts/test-pack.ps1	The dependency-free headless browser suite passed 329 checks with hidden research controls remaining inactive.
P17-016	17	Security and validation gate	completed	none	Run package-resource exclusion checks.	scripts/test-package-dependency-admission.py;package/resource-integrity.json	Protected resources, exact package dependencies, and all unadmitted resources passed exclusion checks.
P17-017	17	Security and validation gate	completed	none	Build the unsigned Windows development package locally if the existing environment remains suitable.	scripts/build-portable-development-package.py;docs/portable-development-package.md	An unsigned Windows PyInstaller one-folder development package was built using the existing locked local build environment.
P17-018	17	Security and validation gate	completed	none	Run local source-versus-package parity.	scripts/test-portable-package.py;docs/portable-development-package.md	Source/package parity, relocation, read-only startup, recovery, lifecycle, collision, shutdown, environment, and integrity tests passed.
P17-019	17	Security and validation gate	completed	none	Run package integrity, SBOM, notice, and provenance verification.	scripts/verify-portable-development-artifacts.py;docs/portable-development-package.md	Checksums, dependency inventory, notices, SBOM, runtime components, and build provenance verified successfully.
P17-020	17	Security and validation gate	completed	none	Run privacy self-tests.	scripts/verify-public-repository-privacy.py;scripts/test-pack.ps1	The privacy scanner self-test passed its hostile fixtures.
P17-021	17	Security and validation gate	completed	none	Run the complete reachable-history and pending-file privacy scan.	scripts/verify-public-repository-privacy.py;docs/github-repository-policy.md	Reachable history and all tracked or untracked non-ignored working files passed the privacy scan.
P17-022	17	Security and validation gate	completed	none	Run newline, whitespace, and formatting checks.	scripts/validate-pack.ps1;scripts/test-pack.ps1	Git diff whitespace checks and repository newline, trailing-line, and formatting validations passed.
P17-023	17	Security and validation gate	completed	none	Run documentation and roadmap consistency checks.	scripts/test-project-status-consistency.py;scripts/test-local-batch-task-ledger.py	Roadmap, TODO, project status, evidence dashboard, and 374-task ledger consistency checks passed.
P17-024	17	Security and validation gate	completed	none	Run wiki synchronization checks.	scripts/sync-wiki.ps1;config/wiki-sync.tsv	All 143 mapped wiki pages and navigation entries synchronized and passed the hosted-wiki consistency check locally.
P17-025	17	Security and validation gate	completed	none	Run the full local gate once near completion.	scripts/test-pack.ps1;docs/test-tiers.md	The final Windows PowerShell 5.1 Full gate passed 119 tests with zero skipped.
P17-026	17	Security and validation gate	completed	none	Review the complete diff.	scripts/test-pack.ps1;docs/local-batch-task-ledger.md	The complete changed and untracked file inventory, diff statistics, whitespace status, security surfaces, and privacy boundary were reviewed.
P17-027	17	Security and validation gate	completed	none	Produce a precise remaining-blocker ledger.	config/local-batch-task-ledger.tsv;scripts/test-local-batch-task-ledger.py	The remaining blocker ledger identifies exactly fourteen partial tasks and no unverified tasks.
P17-028	17	Security and validation gate	partial	none	Keep the work uncommitted and unpushed for your review.	git:3cab2d0	The branch was committed locally but has not been pushed.
